system,target_id,mutation,mutation_num,category,node_type,wcc_leaf,exp_ddG,Additive,WCC,Stepwise,WCC_no_charge,Stepwise_no_charge,WCC_charge_weighted,WCC_cycle_weighted,WCC_charge_corrected,Stepwise_charge_corrected,Additive_bidirectional,WCC_bidirectional,Stepwise_bidirectional,Additive_err,WCC_err,Stepwise_err,WCC_no_charge_err,Stepwise_no_charge_err,WCC_charge_weighted_err,WCC_cycle_weighted_err,WCC_charge_corrected_err,Stepwise_charge_corrected_err,Additive_bidirectional_err,WCC_bidirectional_err,Stepwise_bidirectional_err,source,cwne,cwne_err
1A22,1A22_A_B,"FA25A,YA42A,QA46A",3,Pathway,target,False,0.1905228560550611,-0.9400000000000016,0.1659647750854491,-0.0599999999999987,0.1659647750854491,-0.0599999999999987,0.218331500206227,0.2164349032084649,,,-0.9400000000000016,0.1659647750854491,-0.0599999999999987,0.3926830783214372,0.6009645025567938,0.3720215047547655,0.6009645025567938,0.3720215047547655,0.6009645025567938,0.6029933722226523,,,0.3926830783214372,0.6009645025567938,0.3720215047547655,standard,0.1638803105019092,1.2331417141951906
1AO7,1AO7_ABC_DE,"AE96M,GE97S,GE98A",3,Pathway,target,False,-3.549655056487599,-2.54,-3.985153908086825,-4.959999999999999,-3.985153908086825,-4.959999999999999,-4.618191155148653,-4.606352154454409,,,-2.54,-3.985153908086825,-4.959999999999999,0.3292415526630866,1.754622466515233,0.3999999999999999,1.754622466515233,0.3999999999999999,1.7673143466853882,1.7705522556535858,,,0.3292415526630866,1.754622466515233,0.3999999999999999,standard,-3.901788537594831,1.796058598025576
1AO7,1AO7_ABC_DE,"GD28M,SD51M,SD94T",3,Pathway,target,False,-2.1264580534850017,-3.700000000000001,-2.55428863910509,-1.7600000000000016,-2.55428863910509,-1.7600000000000016,-2.3293544074632084,-2.2651486953110247,,,-3.700000000000001,-2.55428863910509,-1.7600000000000016,0.421070065428546,1.594276220316501,0.3979949748426479,1.594276220316501,0.3979949748426479,1.594276220316501,1.594276220316501,,,0.421070065428546,1.594276220316501,0.3979949748426479,standard,-2.455267401682925,1.6150206334101889
1AO7,1AO7_ABC_DE,"GD28T,AE96M,GE97S,GE98A",4,Pathway,target,False,-3.861774144608208,-2.2700000000000005,-4.28030781617365,-5.77,-4.28030781617365,-5.77,-5.420726392315608,-5.38838224241893,,,-2.2700000000000005,-4.28030781617365,-5.77,0.3813135192987524,2.506351930595542,0.4475488800120049,2.506351930595542,0.4475488800120049,2.513762120806183,2.528398512893092,,,0.3813135192987524,2.506351930595542,0.4475488800120049,standard,-4.113577075189645,1.909283253665852
1AO7,1AO7_ABC_DE,"GD28T,SD51M,SD94T",3,Pathway,target,False,-1.604389713731119,-2.970000000000001,-3.660899437986448,-3.709999999999999,-3.660899437986448,-3.709999999999999,-3.240373015293519,-3.0800190868593025,,,-2.970000000000001,-3.660899437986448,-3.709999999999999,0.3766961640367472,1.7388933262279216,0.4418144406874904,1.7388933262279216,0.4418144406874904,1.7388933262279216,1.7388933262279216,,,0.3766961640367472,1.7388933262279216,0.4418144406874904,standard,-3.4454784065053845,1.3428933576605642
1BJ1,1BJ1_HL_VW,"HH101Y,YH103W,SH105T",3,Pathway,target,False,-1.0414464104003454,-0.9699999999999988,-2.720018467009066,-2.140000000000001,-2.720018467009066,-2.140000000000001,-2.6613516273804376,-2.5693881742216145,,,-0.9699999999999988,-2.720018467009066,-2.140000000000001,0.3229551052391028,1.8000138888353012,0.3793415347678132,1.8000138888353012,0.3793415347678132,1.8000138888353012,1.8000138888353012,,,0.3229551052391028,1.8000138888353012,0.3793415347678132,standard,-2.641651856314041,1.3863922988966455
2B2X,2B2X_HL_A,"VH50T,QL28S,YL52N",3,Pathway,target,False,0.8883821819706998,,,,,,,,,,,,,,,,,,,,,,,,,standard,,
2J0T,2J0T_A_D,"TD2L,VD4S,SD68A",3,Pathway,target,False,5.286246609855307,,,,,,,,,,,,,,,,,,,,,,,,,standard,,
2J0T,2J0T_A_D,"TD2S,VD4A,SD68Y",3,Pathway,target,False,2.14724797551951,,,,,,,,,,,,,,,,,,,,,,,,,standard,,
1CHO,1CHO_EFG_I,"TI14M,LI15S,GI29V",3,SingleRef,target,False,8.988038350542052,,,,,,,,,,,,,,,,,,,,,,,,,standard,,
1R0R,1R0R_E_I,"TI12M,LI13S,GI27V",3,SingleRef,target,False,3.013808142608749,,,,,,,,,,,,,,,,,,,,,,,,,standard,,
3SGB,3SGB_E_I,"TI11M,LI12S,GI26V",3,SingleRef,target,False,6.909813542972891,,,,,,,,,,,,,,,,,,,,,,,,,standard,,
4OFY,4OFY_A_D,"QA34A,MA36A,FA40A,SA87A",4,SingleRef,target,False,4.461577088109297,,,,,,,,,,,,,,,,,,,,,,,,,standard,,
1AHW,1AHW_AB_C,"IC141Q,TC143I,YC145T",3,TargetOnly,target,False,3.977485202363917,,,,,,,,,,,,,,,,,,,,,,,,,standard,,
3SE3,3SE3_B_A,"YB43H,NB44A,SB47Q",3,TargetOnly,target,False,1.3835975016702111,,,,,,,,,,,,,,,,,,,,,,,,,standard,,
3SE3,3SE3_B_A,"YB43A,NB44A,SB47A",3,TargetOnly,target,False,0.7697627813974872,,,,,,,,,,,,,,,,,,,,,,,,,standard,,
3EG5,3EG5_A_B,"TB73N,SB74N,HB75N",3,TargetOnly,target,False,1.053578956919064,,,,,,,,,,,,,,,,,,,,,,,,,standard,,
1MHP,1MHP_HL_A,"TH33I,SH52T,GH53N,GH54N",4,TargetOnly,target,False,1.9084217351105668,,,,,,,,,,,,,,,,,,,,,,,,,standard,,
1A22,1A22_A_B,FA25A,1,Pathway,single,True,-0.4314463441863125,-0.9300000000000002,,,,,,,,,-0.9300000000000002,,,0.2420743687382041,,,,,,,,,0.2420743687382041,,,standard,,
1A22,1A22_A_B,QA46A,1,Pathway,single,False,0.1080167680025301,0.9699999999999988,0.7426901499430321,0.9699999999999988,0.7426901499430321,0.9699999999999988,0.7497840441087962,0.7476185179087702,,,0.9699999999999988,0.7426901499430321,0.9699999999999988,0.1984943324127921,0.4550000000000018,0.1984943324127921,0.4550000000000018,0.1984943324127921,0.4550000000000018,0.4550000000000018,,,0.1984943324127921,0.4550000000000018,0.1984943324127921,standard,0.740546977168574,0.910099740361306
1A22,1A22_A_B,YA42A,1,Pathway,single,False,0.1993436440622318,-0.9800000000000004,-0.7526901499430336,-0.9800000000000004,-0.7526901499430336,-0.9800000000000004,-0.6658848547947823,-0.6627959570170804,,,-0.9800000000000004,-0.7526901499430336,-0.9800000000000004,0.2370653918225939,0.4550000000000018,0.2370653918225939,0.4550000000000018,0.2370653918225939,0.4550000000000018,0.4550000000000018,,,0.2370653918225939,0.4550000000000018,0.2370653918225939,standard,-0.750546977168576,0.9100997403613064
1A22,1A22_A_B,"YA42A,QA46A",2,Pathway,subcomb_2mut,False,0.2733250960676425,-0.0100000000000015,1.0252922375996898,0.5699999999999967,1.0252922375996898,0.5699999999999967,1.0624421687893997,1.05833181802881,,,-0.0100000000000015,1.0252922375996898,0.5699999999999967,0.3091924966748061,0.6434671708797609,0.2929163703175362,0.6434671708797609,0.2929163703175362,0.6434671708797609,0.6434671708797609,,,0.3091924966748061,0.6434671708797609,0.2929163703175362,standard,1.0210939543371509,1.022139078217839
1AO7,1AO7_ABC_DE,AE96M,1,Pathway,single,True,-0.3088433965280659,-0.7999999999999998,,,,,,,,,-0.7999999999999998,,,0.1640121946685672,,,,,,,,,0.1640121946685672,,,standard,,
1AO7,1AO7_ABC_DE,GD28M,1,Pathway,single,True,-0.5186731901543338,-0.4599999999999999,,,,,,,,,-0.4599999999999999,,,0.2690724809414742,,,,,,,,,0.2690724809414742,,,standard,,
1AO7,1AO7_ABC_DE,GD28T,1,Pathway,single,False,-0.7592304385478856,0.2699999999999996,-0.5755574528080865,0.2699999999999996,-0.5755574528080865,0.2699999999999996,-0.1176970756186079,0.0515187610644962,,,0.2699999999999996,-0.5755574528080865,0.2699999999999996,0.1923538406167134,1.75,0.1923538406167134,1.75,0.1923538406167134,1.75,1.75,,,0.1923538406167134,1.75,0.1923538406167134,standard,-0.3253656127844588,1.0235761650028092
1AO7,1AO7_ABC_DE,GE97S,1,Pathway,single,True,-0.340875629025362,0.1799999999999999,,,,,,,,,0.1799999999999999,,,0.2376972864800942,,,,,,,,,0.2376972864800942,,,standard,,
1AO7,1AO7_ABC_DE,GE98A,1,Pathway,single,False,-1.091030029899648,-1.92,-1.0351539080868255,-1.92,-1.0351539080868255,-1.92,-1.7022340341685611,-1.6903950334743163,,,-1.92,-1.0351539080868255,-1.92,0.1581138830084189,1.75,0.1581138830084189,1.75,0.1581138830084189,1.75,1.75,,,0.1581138830084189,1.75,0.1581138830084189,standard,-0.95178853759483,1.4892033063156924
1AO7,1AO7_ABC_DE,SD51M,1,Pathway,single,True,-0.3777339535985744,-0.8899999999999997,,,,,,,,,-0.8899999999999997,,,0.1979898987322333,,,,,,,,,0.1979898987322333,,,standard,,
1AO7,1AO7_ABC_DE,SD94T,1,Pathway,single,False,-0.4934868748353453,-2.3500000000000014,-2.38928863910509,-2.3500000000000014,-2.38928863910509,-2.3500000000000014,-2.233864691498468,-2.169658979346284,,,-2.3500000000000014,-2.38928863910509,-2.3500000000000014,0.2563201123595259,1.183920042345204,0.2563201123595259,1.183920042345204,0.2563201123595259,1.183920042345204,1.183920042345204,,,0.2563201123595259,1.183920042345204,0.2563201123595259,standard,-2.2902674016829305,1.0189537017650254
1AO7,1AO7_ABC_DE,"AE96M,GE97S",2,Pathway,subcomb_2mut,False,-1.044841559999896,-0.6199999999999999,,,,,,,,,-0.6199999999999999,,,0.288790581563873,,,,,,,,,0.288790581563873,,,standard,,
1AO7,1AO7_ABC_DE,"GD28M,SD94T",2,Pathway,subcomb_2mut,False,-1.7472666526969372,-2.8100000000000014,-2.30678863910509,-1.8900000000000008,-2.30678863910509,-1.8900000000000008,-2.244907786503365,-2.1807020743511814,,,-2.8100000000000014,-2.30678863910509,-1.8900000000000008,0.3716180835212409,1.4041693867431624,0.3597221149720989,1.4041693867431624,0.3597221149720989,1.4041693867431624,1.4041693867431624,,,0.3716180835212409,1.4041693867431624,0.3597221149720989,standard,-2.207767401682931,1.4885514422889952
1BJ1,1BJ1_HL_VW,HH101Y,1,Pathway,single,True,-1.584304672188738,0.0199999999999995,,,,,,,,,0.0199999999999995,,,0.2163330765278393,,,,,,,,,0.2163330765278393,,,standard,,
1BJ1,1BJ1_HL_VW,SH105T,1,Pathway,single,False,-0.3905713806094226,-0.1900000000000012,-0.5633415408929193,-0.1900000000000012,-0.5633415408929193,-0.1900000000000012,-0.6055667866527803,-0.4791032832099756,,,-0.1900000000000012,-0.5633415408929193,-0.1900000000000012,0.1802775637731994,0.9849999999999977,0.1802775637731994,0.9849999999999977,0.1802775637731994,0.9849999999999977,0.9849999999999977,,,0.1802775637731994,0.9849999999999977,0.1802775637731994,standard,-0.4849851896473803,0.9940099832054872
1BJ1,1BJ1_HL_VW,"HH101Y,SH105T",2,Pathway,subcomb_2mut,False,-1.344086064549618,-0.1700000000000017,,,,,,,,,-0.1700000000000017,,,0.2816025568065745,,,,,,,,,0.2816025568065745,,,standard,,
2B2X,2B2X_HL_A,VH50T,1,Pathway,single,True,0.0901663429094732,,,,,,,,,,,,,,,,,,,,,,,,,standard,,
2B2X,2B2X_HL_A,"QL28S,YL52N",2,Pathway,subcomb_2mut,False,0.6824799618847344,,,,,,,,,,,,,,,,,,,,,,,,,standard,,
2B2X,2B2X_HL_A,"VH50T,YL52N",2,Pathway,subcomb_2mut,False,0.1864510050869654,,,,,,,,,,,,,,,,,,,,,,,,,standard,,
2J0T,2J0T_A_D,SD68A,1,Pathway,single,True,2.1063730119426225,,,,,,,,,,,,,,,,,,,,,,,,,standard,,
2J0T,2J0T_A_D,SD68Y,1,Pathway,single,True,2.978353637554074,,,,,,,,,,,,,,,,,,,,,,,,,standard,,
2J0T,2J0T_A_D,TD2L,1,Pathway,single,True,2.6821537422842425,,,,,,,,,,,,,,,,,,,,,,,,,standard,,
2J0T,2J0T_A_D,TD2S,1,Pathway,single,True,1.5944323031434973,,,,,,,,,,,,,,,,,,,,,,,,,standard,,
2J0T,2J0T_A_D,VD4A,1,Pathway,single,True,0.0,,,,,,,,,,,,,,,,,,,,,,,,,standard,,
2J0T,2J0T_A_D,VD4S,1,Pathway,single,True,0.982420513489746,,,,,,,,,,,,,,,,,,,,,,,,,standard,,
2J0T,2J0T_A_D,"TD2L,VD4S",2,Pathway,subcomb_2mut,False,3.470544118034619,,,,,,,,,,,,,,,,,,,,,,,,,standard,,
2J0T,2J0T_A_D,"TD2S,VD4A",2,Pathway,subcomb_2mut,False,1.250199996675729,,,,,,,,,,,,,,,,,,,,,,,,,standard,,
1CHO,1CHO_EFG_I,GI29V,1,SingleRef,single,True,0.7019242879472305,,,,,,,,,,,,,,,,,,,,,,,,,standard,,
1CHO,1CHO_EFG_I,LI15S,1,SingleRef,single,True,4.986851908325761,,,,,,,,,,,,,,,,,,,,,,,,,standard,,
1CHO,1CHO_EFG_I,TI14M,1,SingleRef,single,True,3.954937086238303,,,,,,,,,,,,,,,,,,,,,,,,,standard,,
1R0R,1R0R_E_I,GI27V,1,SingleRef,single,True,1.9338203252113644,,,,,,,,,,,,,,,,,,,,,,,,,standard,,
1R0R,1R0R_E_I,LI13S,1,SingleRef,single,True,1.571236898369488,,,,,,,,,,,,,,,,,,,,,,,,,standard,,
1R0R,1R0R_E_I,TI12M,1,SingleRef,single,True,1.331018290730368,,,,,,,,,,,,,,,,,,,,,,,,,standard,,
3SGB,3SGB_E_I,GI26V,1,SingleRef,single,True,2.728342212183996,,,,,,,,,,,,,,,,,,,,,,,,,standard,,
3SGB,3SGB_E_I,LI12S,1,SingleRef,single,True,4.15823494147724,,,,,,,,,,,,,,,,,,,,,,,,,standard,,
3SGB,3SGB_E_I,TI11M,1,SingleRef,single,True,2.035645809695202,,,,,,,,,,,,,,,,,,,,,,,,,standard,,
4OFY,4OFY_A_D,FA40A,1,SingleRef,single,True,4.604454027075116,,,,,,,,,,,,,,,,,,,,,,,,,standard,,
4OFY,4OFY_A_D,MA36A,1,SingleRef,single,True,0.0841105629228078,,,,,,,,,,,,,,,,,,,,,,,,,standard,,
4OFY,4OFY_A_D,QA34A,1,SingleRef,single,True,1.176756428459286,,,,,,,,,,,,,,,,,,,,,,,,,standard,,
4OFY,4OFY_A_D,SA87A,1,SingleRef,single,True,0.1421592502242106,,,,,,,,,,,,,,,,,,,,,,,,,standard,,
4OFY,4OFY_A_D,"QA34A,FA40A",2,SingleRef,subcomb_2mut,False,4.140706703739704,,,,,,,,,,,,,,,,,,,,,,,,,standard,,
1MHP,1MHP_HL_A,GH53N,1,TargetOnly,single,True,1.2558754715351306,,,,,,,,,,,,,,,,,,,,,,,,,standard,,
1AO7,1AO7_ABC_DE,"AE96M,GE97S,GE98A,RE99Q",4,Pathway,target,False,-3.9603114786394,-2.1559327504956345,-4.454160394858054,-5.743403198871134,,,-4.546955258716347,-5.015009404821514,-4.549500012101254,-5.838742816114334,-3.2062116744856963,-4.87002280700632,-5.5248490991776045,0.4396253594813752,1.6182081092031986,0.4585186247817144,,,1.628264695969465,1.6365970735702913,1.6182081092031984,0.4585186247817144,0.3945086184814951,0.7394831366549575,0.3895666473643987,charge,-4.979535843003793,1.430717760433626
1BJ1,1BJ1_HL_VW,"HH101Y,YH103R,SH105T",3,Pathway,target,False,-1.173648250036937,-1.4134784045275095,-2.182924075442516,-0.869118350226703,,,-2.2205281225378664,-2.241052366261885,-2.2988800029739327,-0.9850742777581198,-1.4166573407593075,-2.09854728680247,-0.872297286458501,0.3879143008645311,1.720655842374623,0.3952473128590042,,,1.749865608295201,1.720655842374623,1.720655842374623,0.3952473128590042,0.3313422587438849,1.6376706531330445,0.3398979640076491,charge,-2.1692314767321954,1.4015503625919206
1CHO,1CHO_EFG_I,"LI15M,NI33D,SI48N",3,Pathway,target,False,-0.4824115869632592,2.542483018505888,2.197303365881618,2.1151605180476096,,,2.2433423251461093,2.220804336610742,2.052078676404955,1.9699358285709463,2.1865996464964645,1.2425278752595597,1.7592771460381869,0.4091861187826104,0.5675922933180528,0.3857005882824643,,,0.878576593470765,0.5682146978302113,0.5675922933180528,0.3857005882824643,0.3497049480763032,0.6747511506563828,0.3219087055457065,charge,1.6037137942237567,1.294327186677095
1R0R,1R0R_E_I,"LI13M,NI31D,SI46N",3,Pathway,target,False,-0.3073604120647637,0.0408585028798746,1.80249844746338,0.941800196171748,,,2.206953779013801,1.9173827268769792,1.6533848612513793,0.7926866099597472,0.4618994435628529,1.6458143049100684,1.3628411368547262,0.3584837345099393,2.0534547764716264,0.3172126159805391,,,2.0534547764716264,2.0534547764716264,2.0534547764716264,0.3172126159805391,0.3173192708636855,0.962975519225805,0.2698236006921657,charge,1.5751107394442536,1.173825189698784
1MLC,1MLC_AB_E,"NA92A,SB57V,TB58D",3,Pathway,target,False,-2.39525988719862,-5.682648863859573,-4.282297488503836,-1.3836868314159894,,,-3.1980760771385635,-3.976696940000226,-4.38699316707647,-1.4883825099886236,-3.462121486777664,-3.081873003751848,-1.7133590763409965,0.2914206722761205,3.7568547418378895,0.2934090853018404,,,3.7568547418378895,3.7568547418378895,3.75685474183789,0.2934090853018404,0.2524562341283671,1.8211893930124163,0.2812889551638333,charge,-2.3168736864358044,1.3783326287486055
1PPF,1PPF_E_I,"LI18M,NI36D,SI51N",3,Pathway,target,False,-0.8585862649732494,-2.0711951873461807,-1.970367183940368,-3.48187319405168,,,-1.6952466201241467,-1.6555898880316096,-2.0898677919059696,-3.6013738020172816,-3.7150212221675822,-2.9521517259148813,-5.125699228873081,0.3821112656366519,1.9766157494700864,0.3993626060746885,,,1.9766157494700864,1.9766157494700864,1.9766157494700864,0.3993626060746885,0.374116712592189,2.7187954779278205,0.3917202910816715,charge,-2.052085944671355,1.7285847183808074
1AO7,1AO7_ABC_DE,AE96M,1,Pathway,single,True,-0.3088433965280659,-0.7999999999999998,,,,,,,,,-0.7999999999999998,,,0.1640121946685672,,,,,,,,,0.1640121946685672,,,charge,,
1AO7,1AO7_ABC_DE,GE97S,1,Pathway,single,True,-0.340875629025362,0.1799999999999999,,,,,,,,,0.1799999999999999,,,0.2376972864800942,,,,,,,,,0.2376972864800942,,,charge,,
1AO7,1AO7_ABC_DE,GE98A,1,Pathway,single,False,-1.091030029899648,-1.92,-1.353193583672376,-1.92,-1.92,-1.92,-1.8902045089793835,-1.80106296665935,-1.353193583672376,-1.92,-1.92,-1.6704018395932736,-1.92,0.1581138830084189,1.1336128326552484,0.1581138830084189,1.0,0.1581138830084189,1.1336128326552484,1.1336128326552484,1.133612832655248,0.1581138830084189,0.1581138830084189,0.4991963208134528,0.1581138830084189,charge,-1.6988955533853058,1.0215675140445188
1AO7,1AO7_ABC_DE,RE99Q,1,Pathway,single,False,0.4106564221518027,0.3840672495043655,-0.1827391668232585,0.3840672495043655,,,-0.5262852454736544,-0.019702364018051,-0.2780787840664587,0.2887276322611653,-0.6662116744856963,-0.9158098348924226,-0.6662116744856963,0.2913253451025647,1.1336128326552484,0.2913253451025647,,,1.1336128326552484,1.1336128326552484,1.133612832655248,0.2913253451025647,0.2173408614508046,0.4991963208134528,0.2173408614508046,charge,-1.1537454045618412,0.766635522034036
1AO7,1AO7_ABC_DE,"AE96M,GE97S",2,Pathway,subcomb_2mut,False,-1.044841559999896,-0.6199999999999999,,,,,,,,,-0.6199999999999999,,,0.288790581563873,,,,,,,,,0.288790581563873,,,charge,,
1AO7,1AO7_ABC_DE,"AE96M,GE97S,GE98A",3,Pathway,subcomb_3mut,False,-3.549655056487599,-2.54,,,,,,,,,-2.54,,,0.3292415526630866,,,,,,,,,0.3292415526630866,,,charge,,
1AO7,1AO7_ABC_DE,"GE98A,RE99Q",2,Pathway,subcomb_2mut,False,-1.563514750154229,-1.5359327504956344,-2.1833438748892027,-3.316956707544451,,,-2.285855203791283,-2.75390934989645,-2.278683492132403,-3.412296324787651,-2.586211674485696,-2.599206287037469,-3.0984026078509217,0.3314671276297672,1.603170642421234,0.3440201777102877,,,1.603170642421234,1.603170642421234,1.6031706424212335,0.3440201777102877,0.2687695110241819,0.7059702071811355,0.2446890396786115,charge,-2.70871932303494,1.0113024384601133
1BJ1,1BJ1_HL_VW,HH101Y,1,Pathway,single,True,-1.584304672188738,0.0199999999999995,,,,,,,,,0.0199999999999995,,,0.2163330765278393,,,,,,,,,0.2163330765278393,,,charge,,
1BJ1,1BJ1_HL_VW,SH105T,1,Pathway,single,False,-0.3905713806094226,-0.1900000000000012,-0.157575083509915,-0.1900000000000012,-0.1900000000000012,-0.1900000000000012,-0.190963418096372,-0.2077233180714461,-0.157575083509915,-0.1900000000000012,-0.1900000000000012,-0.2159342956115961,-0.1900000000000012,0.1802775637731994,0.8244425060073154,0.1802775637731994,1.0,0.1802775637731994,0.8244425060073154,0.8244425060073154,0.8244425060073154,0.1802775637731994,0.1802775637731994,0.7350916717180698,0.1802775637731994,charge,-0.2602498715562118,0.9315646521063152
1BJ1,1BJ1_HL_VW,"HH101Y,SH105T",2,Pathway,subcomb_2mut,False,-1.344086064549618,-0.1700000000000017,,,,,,,,,-0.1700000000000017,,,0.2816025568065745,,,,,,,,,0.2816025568065745,,,charge,,
1CHO,1CHO_EFG_I,LI15M,1,Pathway,single,True,0.3806231860132314,1.130704526869831,1.130704526869831,,1.130704526869831,,1.130704526869831,1.130704526869831,1.130704526869831,,1.130704526869831,1.130704526869831,,0.2380331918515338,1.0,,1.0,,0.2380331918515338,0.2380331918515338,1.0,,0.2380331918515338,1.0,,charge,1.130704526869831,1.0
1CHO,1CHO_EFG_I,NI33D,1,Pathway,single,False,-1.0400738733360146,1.15426069706416,1.366978450379175,1.15426069706416,,,1.527250045890748,1.410822953041251,1.2217537609025122,1.009036007587497,0.7983773250547372,0.6118336659613287,0.7983773250547372,0.27072363857668,0.4581329252489112,0.27072363857668,,,0.8121709157300401,0.4581329252489112,0.4581329252489112,0.27072363857668,0.167784264425691,0.4306411721246105,0.167784264425691,charge,0.8754253118549763,0.788632154788934
1CHO,1CHO_EFG_I,"LI15M,SI48N",2,Pathway,subcomb_2mut,False,0.3806231860132314,1.3882223214417273,,,,,,,,,1.3882223214417273,,,0.306825669265431,,,,,,,,,0.306825669265431,,,charge,,
1R0R,1R0R_E_I,LI13M,1,Pathway,single,True,-0.5162599404479788,0.5485556196782859,0.5485556196782859,,0.5485556196782859,,0.5485556196782859,0.5485556196782859,0.5485556196782859,,0.5485556196782859,0.5485556196782859,,0.1980940658379569,1.0,,1.0,,0.1980940658379569,0.1980940658379569,1.0,,0.1980940658379569,1.0,,charge,0.5485556196782859,1.0
1R0R,1R0R_E_I,NI31D,1,Pathway,single,False,0.5696492191193663,-0.7301061260055093,0.0311288984486198,-0.7301061260055093,,,0.6807051573045378,0.2297245182436872,-0.1179846877633809,-0.87921971221751,-0.309065185322531,0.0670197836407381,-0.309065185322531,0.2329775856272631,1.4977416576760518,0.2329775856272631,,,1.4977416576760518,1.4977416576760518,1.4977416576760518,0.2329775856272631,0.1626637241611572,0.7755295144617591,0.1626637241611572,charge,0.0269297797420238,0.7606993926613483
1R0R,1R0R_E_I,"LI13M,SI46N",2,Pathway,subcomb_2mut,False,-0.4972998589306332,0.770964628885384,,,,,,,,,0.770964628885384,,,0.2724555606029797,,,,,,,,,0.2724555606029797,,,charge,,
1MLC,1MLC_AB_E,NA92A,1,Pathway,single,True,-1.253914441342964,0.7739271865476525,,,,,,,,,0.7739271865476525,,,0.1518499116253298,,,,,,,,,0.1518499116253298,,,charge,,
1MLC,1MLC_AB_E,SB57V,1,Pathway,single,False,-0.4944019499529286,-0.7988306061112986,-2.172464583858263,-0.7988306061112986,-0.7988306061112986,-0.7988306061112986,-1.0859675705097225,-2.3396012831102224,-2.172464583858263,-0.7988306061112986,-0.7988306061112986,-1.4923959889716492,-0.7988306061112986,0.168937998192333,2.671771778204354,0.168937998192333,1.0,0.168937998192333,2.671771778204354,2.671771778204354,2.671771778204354,0.168937998192333,0.168937998192333,1.3966719672008958,0.168937998192333,charge,-1.316812845605732,1.3144113079612834
1MLC,1MLC_AB_E,TB58D,1,Pathway,single,False,-0.5599329877712211,-5.657745444295927,-4.284111466548962,-5.657745444295927,,,-2.6400145075345987,-3.8585145255152073,-4.388807145121596,-5.762441122868561,-3.437218067214017,-2.7436526843536666,-3.437218067214017,0.1825583888404279,2.671771778204354,0.1825583888404279,,,2.671771778204354,2.671771778204354,2.671771778204354,0.1825583888404279,0.1101621861458084,1.3966719672008958,0.1101621861458084,charge,-1.759257654548941,0.8821986756203316
1MLC,1MLC_AB_E,"SB57V,TB58D",2,Pathway,subcomb_2mut,False,-0.9881708776304254,-6.456576050407225,-3.8993729913040127,-1.1521050358100844,,,-3.0750401336757767,-3.66817093968459,-4.004068669876647,-1.256800714382719,-4.236048673325316,-2.8689080464557923,-1.4817772807350913,0.2487320095388721,3.778455884302278,0.2158834489328026,,,3.778455884302278,3.778455884302278,3.778455884302278,0.2158834489328026,0.201682310800071,1.975192438201817,0.1990985898559313,charge,-2.328477856907581,1.1694112321846388
1PPF,1PPF_E_I,LI18M,1,Pathway,single,True,1.257597583586989,0.3589579198928412,,,,,,,,,0.3589579198928412,,,0.2103175946583818,,,,,,,,,0.2103175946583818,,,charge,,
1PPF,1PPF_E_I,NI36D,1,Pathway,single,False,-3.077951935269532,-1.4645251140143074,-1.4214436944018956,-1.4645251140143074,,,-1.505408046491251,-1.498091461598638,-1.5409443023674974,-1.5840257219799092,-3.108351148835709,-2.6240867428363464,-3.108351148835709,0.1758197353366839,0.9520409946967636,0.1758197353366839,,,0.9520409946967636,0.9520409946967636,0.9520409946967636,0.1758197353366839,0.1576923417550902,1.627513923275924,0.1576923417550902,charge,-2.103666034258484,0.927791305226948
1PPF,1PPF_E_I,"LI18M,SI51N",2,Pathway,subcomb_2mut,False,1.257597583586989,-0.6066700733318733,,,,,,,,,-0.6066700733318733,,,0.3392586623692641,,,,,,,,,0.3392586623692641,,,charge,,
