source,system,from_mutation,to_mutation,calc_ddG,calc_ddG_err,mutation_diff,exp_from,exp_to,exp_edge_ddG,approx_wt,raw,wcc,cwne,approx_wt_signed_error,approx_wt_abs_error,raw_signed_error,raw_abs_error,wcc_signed_error,wcc_abs_error,cwne_signed_error,cwne_abs_error
standard,1A22,WT,YA42A,-0.9800000000000004,0.2370653918225939,YA42A,0.0,0.1993436440622318,0.1993436440622318,-0.9800000000000004,-0.9800000000000004,-0.7526901499430336,-0.750546977168576,-1.1793436440622322,1.1793436440622322,-1.1793436440622322,1.1793436440622322,-0.9520337940052654,0.9520337940052654,-0.9498906212308078,0.9498906212308078
standard,1A22,WT,QA46A,0.9699999999999988,0.1984943324127921,QA46A,0.0,0.1080167680025301,0.1080167680025301,0.9699999999999988,0.9699999999999988,0.7426901499430321,0.740546977168574,0.8619832319974686,0.8619832319974686,0.8619832319974686,0.8619832319974686,0.6346733819405019,0.6346733819405019,0.6325302091660439,0.6325302091660439
standard,1A22,YA42A,"YA42A,QA46A",1.5499999999999972,0.1720465053408525,QA46A,0.1993436440622318,0.2733250960676425,0.0739814520054107,0.9699999999999988,1.5499999999999972,1.7779823875427234,1.7716409315057269,0.896018547994588,0.896018547994588,1.4760185479945864,1.4760185479945864,1.7040009355373127,1.7040009355373127,1.6976594795003161,1.6976594795003161
standard,1A22,QA46A,"YA42A,QA46A",0.5100000000000016,0.1878829422805593,YA42A,0.1080167680025301,0.2733250960676425,0.1653083280651124,-0.9800000000000004,0.5100000000000016,0.28260208765665773,0.2805469771685769,-1.1453083280651128,1.1453083280651128,0.34469167193488914,0.34469167193488914,0.11729375959154534,0.11729375959154534,0.11523864910346451,0.11523864910346451
standard,1AO7,WT,GE98A,-1.92,0.1581138830084189,GE98A,0.0,-1.091030029899648,-1.091030029899648,-1.92,-1.92,-1.353193583672376,-1.7056745600167167,-0.8289699701003519,0.8289699701003519,-0.8289699701003519,0.8289699701003519,-0.26216355377272804,0.26216355377272804,-0.6146445301170687,0.6146445301170687
standard,1AO7,WT,SD94T,-2.3500000000000014,0.2563201123595259,SD94T,0.0,-0.4934868748353453,-0.4934868748353453,-2.3500000000000014,-2.3500000000000014,-2.38928863910509,-2.2565424248840187,-1.856513125164656,1.856513125164656,-1.856513125164656,1.856513125164656,-1.8958017642697444,1.8958017642697444,-1.7630555500486733,1.7630555500486733
standard,1AO7,WT,GD28T,0.2699999999999996,0.1923538406167134,GD28T,0.0,-0.7592304385478856,-0.7592304385478856,0.2699999999999996,0.2699999999999996,-0.5755574528080865,-0.2128610928739722,1.0292304385478852,1.0292304385478852,1.0292304385478852,1.0292304385478852,0.18367298573979918,0.18367298573979918,0.5463693456739134,0.5463693456739134
standard,1BJ1,WT,SH105T,-0.1900000000000012,0.1802775637731994,SH105T,0.0,-0.3905713806094226,-0.3905713806094226,-0.1900000000000012,-0.1900000000000012,-0.157575083509915,-0.2602498715562108,0.2005713806094214,0.2005713806094214,0.2005713806094214,0.2005713806094214,0.2329962970995076,0.2329962970995076,0.13032150905321177,0.13032150905321177
charge,1AO7,WT,RE99Q,0.3840672495043655,0.2913253451025647,RE99Q,0.0,0.4106564221518027,0.4106564221518027,0.3840672495043655,0.3840672495043655,-0.1827391668232585,-1.1668385413422464,-0.02658917264743721,0.02658917264743721,-0.02658917264743721,0.02658917264743721,-0.5933955889750612,0.5933955889750612,-1.5774949634940492,1.5774949634940492
charge,1AO7,GE98A,"GE98A,RE99Q",-1.396956707544451,0.3055321303428135,RE99Q,-1.091030029899648,-1.563514750154229,-0.472484720254581,0.3840672495043655,-1.396956707544451,-0.8301502912168266,-1.0124226856101388,0.8565519697589465,0.8565519697589465,-0.9244719872898699,0.9244719872898699,-0.3576655709622456,0.3576655709622456,-0.5399379653555578,0.5399379653555578
charge,1AO7,RE99Q,"GE98A,RE99Q",-1.43379829173832,0.5228190284416279,GE98A,0.4106564221518027,-1.563514750154229,-1.9741711723060318,-1.92,-1.43379829173832,-2.000604708065944,-1.551258704284609,0.054171172306031856,0.054171172306031856,0.5403728805677117,0.5403728805677117,-0.026433535759912363,0.026433535759912363,0.4229124680214227,0.4229124680214227
charge,1CHO,WT,NI33D,1.15426069706416,0.27072363857668,NI33D,0.0,-1.0400738733360146,-1.0400738733360146,1.15426069706416,1.15426069706416,1.366978450379175,0.9400611640983908,2.1943345704001747,2.1943345704001747,2.1943345704001747,2.1943345704001747,2.40705232371519,2.40705232371519,1.9801350374344056,1.9801350374344056
charge,1CHO,WT,LI15M,1.130704526869831,0.2380331918515338,LI15M,0.0,0.3806231860132314,0.3806231860132314,1.130704526869831,1.130704526869831,1.130704526869831,1.130704526869831,0.7500813408565996,0.7500813408565996,0.7500813408565996,0.7500813408565996,0.7500813408565996,0.7500813408565996,0.7500813408565996,0.7500813408565996
charge,1R0R,WT,NI31D,-0.7301061260055093,0.2329775856272631,NI31D,0.0,0.5696492191193663,0.5696492191193663,-0.7301061260055093,-0.7301061260055093,0.0311288984486198,0.0180531454591783,-1.2997553451248756,1.2997553451248756,-1.2997553451248756,1.2997553451248756,-0.5385203206707465,0.5385203206707465,-0.5515960736601879,0.5515960736601879
charge,1R0R,WT,LI13M,0.5485556196782859,0.1980940658379569,LI13M,0.0,-0.5162599404479788,-0.5162599404479788,0.5485556196782859,0.5485556196782859,0.5485556196782859,0.5485556196782859,1.0648155601262648,1.0648155601262648,1.0648155601262648,1.0648155601262648,1.0648155601262648,1.0648155601262648,1.0648155601262648,1.0648155601262648
charge,1MLC,WT,SB57V,-0.7988306061112986,0.168937998192333,SB57V,0.0,-0.4944019499529286,-0.4944019499529286,-0.7988306061112986,-0.7988306061112986,-2.172464583858263,-1.0627231699919415,-0.30442865615837006,0.30442865615837006,-0.30442865615837006,0.30442865615837006,-1.6780626339053342,1.6780626339053342,-0.5683212200390129,0.5683212200390129
charge,1MLC,WT,TB58D,-5.657745444295927,0.1825583888404279,TB58D,0.0,-0.5599329877712211,-0.5599329877712211,-5.657745444295927,-5.657745444295927,-4.284111466548962,-1.411846400872469,-5.097812456524706,5.097812456524706,-5.097812456524706,5.097812456524706,-3.724178478777741,3.724178478777741,-0.8519134131012478,0.8519134131012478
charge,1MLC,SB57V,"SB57V,TB58D",-0.3532744296987857,0.1344083936734953,TB58D,-0.4944019499529286,-0.9881708776304254,-0.49376892767749686,-5.657745444295927,-0.3532744296987857,-1.72690840744575,-0.9658111415108515,-5.163976516618431,5.163976516618431,0.14049449797871116,0.14049449797871116,-1.233139479768253,1.233139479768253,-0.4720422138333546,0.4720422138333546
charge,1MLC,TB58D,"SB57V,TB58D",-0.8379031479228658,0.1773484169275,SB57V,-0.5599329877712211,-0.9881708776304254,-0.4282378898592043,-0.7988306061112986,-0.8379031479228658,0.38473847524494964,-0.616687910630324,-0.37059271625209433,0.37059271625209433,-0.4096652580636615,0.4096652580636615,0.8129763651041539,0.8129763651041539,-0.18845002077111972,0.18845002077111972
charge,1PPF,WT,NI36D,-1.4645251140143074,0.1758197353366839,NI36D,0.0,-3.077951935269532,-3.077951935269532,-1.4645251140143074,-1.4645251140143074,-1.4214436944018956,-1.8226599149200973,1.6134268212552247,1.6134268212552247,1.6134268212552247,1.6134268212552247,1.6565082408676366,1.6565082408676366,1.2552920203494349,1.2552920203494349
