system,from_mutation,to_mutation,ddG_f,ddG_f_err,ddG_r,ddG_r_err,hysteresis,bidir_avg,bidir_err,source
1AO7,WT,RE99Q,0.3840672495043655,0.2913253451025647,1.716490598475758,0.3226108236336515,2.100557847980124,-0.6662116744856963,0.2173408614508046,charge
1AO7,GE98A,"GE98A,RE99Q",-1.396956707544451,0.3055321303428135,0.9598485081573926,0.2148046132734271,-0.4371081993870582,-1.1784026078509218,0.1867424058398122,charge
1BJ1,WT,YH103R,-1.243478404527508,0.2667911258179665,1.249836276991104,0.2253292366799751,0.0063578724635959,-1.246657340759306,0.1746072519384563,charge
1BJ1,SH105T,"YH103R,SH105T",-0.9539473953914808,0.2945954976098647,0.5225773636538236,0.1860418568524012,-0.4313700317376572,-0.7382623795226522,0.174211136062748,charge
1CHO,WT,NI33D,1.15426069706416,0.27072363857668,-0.4424939530453144,0.1982799764759013,0.7117667440188455,0.7983773250547372,0.167784264425691,charge
1CHO,SI48N,"NI33D,SI48N",1.2045660110500904,0.261081348987678,2.5016995732890592,0.2216973516316052,3.7062655843391497,-0.6485667811194844,0.1712550630709157,charge
1R0R,WT,NI31D,-0.7301061260055093,0.2329775856272631,-0.1119757553604472,0.2270669355657038,-0.8420818813659565,-0.309065185322531,0.1626637241611572,charge
1R0R,SI46N,"NI31D,SI46N",1.5784813035679406,0.2157810046653591,0.4682853879232738,0.2025107034336436,2.0467666914912144,0.5550979578223334,0.1479628559635668,charge
1MLC,WT,TB58D,-5.657745444295927,0.1825583888404279,1.2166906901321075,0.1233501669625224,-4.441054754163819,-3.437218067214017,0.1101621861458084,charge
1MLC,SB57V,"SB57V,TB58D",-0.3532744296987857,0.1344083936734953,1.0126189195487996,0.1622812025702956,0.6593444898500138,-0.6829466746237927,0.1053574926115255,charge
1PPF,WT,NI36D,-1.4645251140143074,0.1758197353366839,4.752177183657111,0.2618299433963869,3.287652069642803,-3.108351148835709,0.1576923417550902,charge
1PPF,SI51N,"NI36D,SI51N",-0.9607807554630768,0.2558999774797076,0.9393048049411448,0.1773734830817025,-0.0214759505219319,-0.9500427802021107,0.1556808843232285,charge
