system,from_mutation,to_mutation,calc_ddG,calc_ddG_err,has_charge_change,is_difficult,is_extreme,n_cycles,edge_cycle_score,max_cycle_delta,max_cycle_size,cycle_score_tied_n,source
1A22,WT,YA42A,-0.9800000000000004,0.2370653918225939,False,True,False,2.0,0.170416666666667,0.9100000000000036,4.0,2.0,standard
1A22,WT,QA46A,0.9699999999999988,0.1984943324127921,False,False,False,2.0,0.170416666666667,0.9100000000000036,4.0,2.0,standard
1A22,YA42A,"FA25A,YA42A",0.75,0.2408318915758459,False,True,False,2.0,0.0854166666666671,0.6799999999999988,6.0,2.0,standard
1A22,YA42A,"YA42A,QA46A",1.5499999999999972,0.1720465053408525,False,False,False,2.0,0.142500000000001,0.9100000000000036,4.0,0.0,standard
1A22,QA46A,"YA42A,QA46A",0.5100000000000016,0.1878829422805593,False,True,False,2.0,0.170416666666667,0.9100000000000036,4.0,2.0,standard
1A22,"FA25A,YA42A","FA25A,YA42A,QA46A",0.1700000000000017,0.1555634918610404,False,False,False,2.0,0.0854166666666671,0.6799999999999988,6.0,2.0,standard
1A22,"YA42A,QA46A","FA25A,YA42A,QA46A",-0.8600000000000003,0.191049731745428,False,True,False,2.0,0.0854166666666671,0.6799999999999988,6.0,2.0,standard
1AO7,WT,GE98A,-1.92,0.1581138830084189,False,False,False,2.0,0.6791666666666668,3.5,4.0,2.0,standard
1AO7,WT,SD94T,-2.3500000000000014,0.2563201123595259,False,False,False,3.0,0.1916666666666665,2.900000000000002,6.0,2.0,standard
1AO7,WT,GD28T,0.2699999999999996,0.1923538406167134,False,False,False,3.0,0.1916666666666665,3.5,4.0,2.0,standard
1AO7,GE98A,"AE96M,GE98A",0.52,0.170293863659264,False,False,False,1.0,0.0449999999999999,0.1799999999999997,4.0,3.0,standard
1AO7,GE98A,"GE97S,GE98A",-2.65,0.1843908891458577,False,False,False,1.0,0.0449999999999999,0.1799999999999997,4.0,3.0,standard
1AO7,GE98A,"GD28T,GE98A",-0.3599999999999994,0.2080865204668481,False,False,False,2.0,0.6791666666666668,3.5,4.0,2.0,standard
1AO7,"AE96M,GE98A","AE96M,GE97S,GE98A",-3.56,0.3255764119219941,False,False,False,1.0,0.0449999999999999,0.1799999999999997,4.0,3.0,standard
1AO7,"GE97S,GE98A","AE96M,GE97S,GE98A",-0.2099999999999999,0.1640121946685672,False,False,False,1.0,0.0449999999999999,0.1799999999999997,4.0,3.0,standard
1AO7,SD94T,"GD28M,SD94T",0.4599999999999999,0.2523885892824792,False,False,False,1.0,0.3774999999999999,1.5099999999999998,4.0,3.0,standard
1AO7,SD94T,"SD51M,SD94T",-0.1299999999999999,0.2563201123595259,False,False,False,1.0,0.3774999999999999,1.5099999999999998,4.0,3.0,standard
1AO7,SD94T,"GD28T,SD94T",-0.4799999999999969,0.304138126514911,False,False,False,3.0,0.1916666666666665,2.900000000000002,6.0,2.0,standard
1AO7,"GD28M,SD94T","GD28M,SD51M,SD94T",0.1299999999999999,0.170293863659264,False,False,False,1.0,0.3774999999999999,1.5099999999999998,4.0,3.0,standard
1AO7,"SD51M,SD94T","GD28M,SD51M,SD94T",-0.79,0.2140093455903269,False,False,False,1.0,0.3774999999999999,1.5099999999999998,4.0,3.0,standard
1AO7,GD28T,"GD28T,GE98A",0.9500000000000012,0.5375872022286245,False,False,False,2.0,0.6791666666666668,3.5,4.0,2.0,standard
1AO7,GD28T,"GD28T,SD51M",-0.7199999999999998,0.1972308292331602,False,False,False,2.0,0.1645833333333334,1.1499999999999997,6.0,2.0,standard
1AO7,GD28T,"GD28T,SD94T",-2.5,0.1414213562373095,False,False,False,3.0,0.1499999999999994,2.900000000000002,6.0,0.0,standard
1AO7,"GD28T,GE98A","GD28T,AE96M,GE98A",0.1500000000000003,0.1280624847486569,False,False,False,1.0,0.14,0.56,4.0,3.0,standard
1AO7,"GD28T,GE98A","GD28T,GE97S,GE98A",-3.59,0.3848376280978771,False,False,False,1.0,0.14,0.56,4.0,3.0,standard
1AO7,"GD28T,AE96M,GE98A","GD28T,AE96M,GE97S,GE98A",-3.64,0.3399999999999999,False,False,False,1.0,0.14,0.56,4.0,3.0,standard
1AO7,"GD28T,GE97S,GE98A","GD28T,AE96M,GE97S,GE98A",-0.4599999999999999,0.1442220510185595,False,False,False,1.0,0.14,0.56,4.0,3.0,standard
1AO7,"GD28T,SD51M","GD28T,SD51M,SD94T",-2.1099999999999994,0.1345362404707371,False,False,False,2.0,0.1645833333333334,1.1499999999999997,6.0,2.0,standard
1AO7,"GD28T,SD94T","GD28T,SD51M,SD94T",-0.8800000000000008,0.1923538406167134,False,False,False,2.0,0.1645833333333334,1.1499999999999997,6.0,2.0,standard
1BJ1,WT,YH103W,-0.7999999999999972,0.1581138830084189,False,True,False,2.0,0.2720833333333326,1.9699999999999955,4.0,2.0,standard
1BJ1,WT,SH105T,-0.1900000000000012,0.1802775637731994,False,False,False,2.0,0.2720833333333326,1.9699999999999955,4.0,2.0,standard
1BJ1,YH103W,"HH101Y,YH103W",-1.740000000000002,0.1972308292331602,False,True,False,2.0,0.3108333333333324,2.279999999999994,4.0,2.0,standard
1BJ1,YH103W,"YH103W,SH105T",-1.0700000000000005,0.2343074902771996,False,False,False,2.0,0.5312499999999987,2.279999999999994,4.0,0.0,standard
1BJ1,SH105T,"YH103W,SH105T",0.2899999999999991,0.1063014581273465,False,True,False,2.0,0.2720833333333326,1.9699999999999955,4.0,2.0,standard
1BJ1,"HH101Y,YH103W","HH101Y,YH103W,SH105T",0.3999999999999986,0.282842712474619,False,False,False,2.0,0.3108333333333324,2.279999999999994,4.0,2.0,standard
1BJ1,"YH103W,SH105T","HH101Y,YH103W,SH105T",-2.549999999999997,0.2220360331117451,False,True,False,2.0,0.3108333333333324,2.279999999999994,4.0,2.0,standard
2B2X,WT,QL28S,,,,,,,,,,,standard
2B2X,WT,YL52N,,,,,,,,,,,standard
2B2X,QL28S,"QL28S,YL52N",,,,,,,,,,,standard
2B2X,YL52N,"VH50T,YL52N",,,,,,,,,,,standard
2B2X,YL52N,"QL28S,YL52N",,,,,,,,,,,standard
2B2X,"VH50T,YL52N","VH50T,QL28S,YL52N",,,,,,,,,,,standard
2B2X,"QL28S,YL52N","VH50T,QL28S,YL52N",,,,,,,,,,,standard
2J0T,WT,SD68A,,,,,,,,,,,standard
2J0T,WT,SD68Y,,,,,,,,,,,standard
2J0T,SD68A,"TD2L,SD68A",,,,,,,,,,,standard
2J0T,SD68A,"VD4S,SD68A",,,,,,,,,,,standard
2J0T,"TD2L,SD68A","TD2L,VD4S,SD68A",,,,,,,,,,,standard
2J0T,"VD4S,SD68A","TD2L,VD4S,SD68A",,,,,,,,,,,standard
2J0T,SD68Y,SD68A,,,,,,,,,,,standard
2J0T,SD68Y,"TD2S,SD68Y",,,,,,,,,,,standard
2J0T,SD68Y,"VD4A,SD68Y",,,,,,,,,,,standard
2J0T,"TD2S,SD68Y","TD2S,VD4A,SD68Y",,,,,,,,,,,standard
2J0T,"VD4A,SD68Y","TD2S,VD4A,SD68Y",,,,,,,,,,,standard
1CHO,WT,LI15S,,,,,,,,,,,standard
1CHO,WT,GI29V,,,,,,,,,,,standard
1CHO,LI15S,"LI15S,GI29V",,,,,,,,,,,standard
1CHO,GI29V,"TI14M,GI29V",,,,,,,,,,,standard
1CHO,GI29V,"LI15S,GI29V",,,,,,,,,,,standard
1CHO,"TI14M,GI29V","TI14M,LI15S,GI29V",,,,,,,,,,,standard
1CHO,"LI15S,GI29V","TI14M,LI15S,GI29V",,,,,,,,,,,standard
1R0R,WT,LI13S,,,,,,,,,,,standard
1R0R,WT,GI27V,,,,,,,,,,,standard
1R0R,LI13S,"LI13S,GI27V",,,,,,,,,,,standard
1R0R,GI27V,"TI12M,GI27V",,,,,,,,,,,standard
1R0R,GI27V,"LI13S,GI27V",,,,,,,,,,,standard
1R0R,"TI12M,GI27V","TI12M,LI13S,GI27V",,,,,,,,,,,standard
1R0R,"LI13S,GI27V","TI12M,LI13S,GI27V",,,,,,,,,,,standard
3SGB,WT,LI12S,,,,,,,,,,,standard
3SGB,WT,GI26V,,,,,,,,,,,standard
3SGB,LI12S,"LI12S,GI26V",,,,,,,,,,,standard
3SGB,GI26V,"TI11M,GI26V",,,,,,,,,,,standard
3SGB,GI26V,"LI12S,GI26V",,,,,,,,,,,standard
3SGB,"TI11M,GI26V","TI11M,LI12S,GI26V",,,,,,,,,,,standard
3SGB,"LI12S,GI26V","TI11M,LI12S,GI26V",,,,,,,,,,,standard
4OFY,WT,FA40A,,,,,,,,,,,standard
4OFY,WT,SA87A,,,,,,,,,,,standard
4OFY,FA40A,"FA40A,SA87A",,,,,,,,,,,standard
4OFY,SA87A,"FA40A,SA87A",,,,,,,,,,,standard
4OFY,"FA40A,SA87A","QA34A,FA40A,SA87A",,,,,,,,,,,standard
4OFY,"FA40A,SA87A","MA36A,FA40A,SA87A",,,,,,,,,,,standard
4OFY,"QA34A,FA40A,SA87A","QA34A,MA36A,FA40A,SA87A",,,,,,,,,,,standard
4OFY,"MA36A,FA40A,SA87A","QA34A,MA36A,FA40A,SA87A",,,,,,,,,,,standard
1AHW,WT,TC143I,,,,,,,,,,,standard
1AHW,WT,YC145T,,,,,,,,,,,standard
1AHW,TC143I,"TC143I,YC145T",,,,,,,,,,,standard
1AHW,YC145T,"IC141Q,YC145T",,,,,,,,,,,standard
1AHW,YC145T,"TC143I,YC145T",,,,,,,,,,,standard
1AHW,"IC141Q,YC145T","IC141Q,TC143I,YC145T",,,,,,,,,,,standard
1AHW,"TC143I,YC145T","IC141Q,TC143I,YC145T",,,,,,,,,,,standard
3SE3,WT,YB43H,,,,,,,,,,,standard
3SE3,WT,YB43A,,,,,,,,,,,standard
3SE3,YB43H,"YB43H,NB44A",,,,,,,,,,,standard
3SE3,YB43H,"YB43H,SB47Q",,,,,,,,,,,standard
3SE3,"YB43H,NB44A","YB43H,NB44A,SB47Q",,,,,,,,,,,standard
3SE3,"YB43H,SB47Q","YB43H,NB44A,SB47Q",,,,,,,,,,,standard
3SE3,YB43A,YB43H,,,,,,,,,,,standard
3SE3,YB43A,"YB43A,NB44A",,,,,,,,,,,standard
3SE3,YB43A,"YB43A,SB47A",,,,,,,,,,,standard
3SE3,"YB43A,NB44A","YB43A,NB44A,SB47A",,,,,,,,,,,standard
3SE3,"YB43A,SB47A","YB43A,NB44A,SB47A",,,,,,,,,,,standard
3EG5,WT,SB74N,,,,,,,,,,,standard
3EG5,WT,HB75N,,,,,,,,,,,standard
3EG5,SB74N,"SB74N,HB75N",,,,,,,,,,,standard
3EG5,HB75N,"TB73N,HB75N",,,,,,,,,,,standard
3EG5,HB75N,"SB74N,HB75N",,,,,,,,,,,standard
3EG5,"TB73N,HB75N","TB73N,SB74N,HB75N",,,,,,,,,,,standard
3EG5,"SB74N,HB75N","TB73N,SB74N,HB75N",,,,,,,,,,,standard
1MHP,WT,GH53N,,,,,,,,,,,standard
1MHP,WT,GH54N,,,,,,,,,,,standard
1MHP,GH53N,"GH53N,GH54N",,,,,,,,,,,standard
1MHP,GH54N,"GH53N,GH54N",,,,,,,,,,,standard
1MHP,"GH53N,GH54N","TH33I,GH53N,GH54N",,,,,,,,,,,standard
1MHP,"GH53N,GH54N","SH52T,GH53N,GH54N",,,,,,,,,,,standard
1MHP,"TH33I,GH53N,GH54N","TH33I,SH52T,GH53N,GH54N",,,,,,,,,,,standard
1MHP,"SH52T,GH53N,GH54N","TH33I,SH52T,GH53N,GH54N",,,,,,,,,,,standard
1AO7,WT,GE98A,-1.92,0.1581138830084189,False,False,False,2.0,0.5668064163276241,2.2672256653104963,4.0,3.0,charge
1AO7,WT,RE99Q,0.3840672495043655,0.2913253451025647,True,False,False,2.0,0.5668064163276241,2.2672256653104963,4.0,3.0,charge
1AO7,GE98A,"GE98A,RE99Q",-1.396956707544451,0.3055321303428135,True,False,False,2.0,0.5668064163276241,2.2672256653104963,4.0,3.0,charge
1AO7,RE99Q,"GE98A,RE99Q",-1.43379829173832,0.5228190284416279,False,False,False,2.0,0.5668064163276241,2.2672256653104963,4.0,3.0,charge
1AO7,"GE98A,RE99Q","AE96M,GE98A,RE99Q",-0.2019497718931076,0.1649109070290962,False,False,False,1.0,0.0778149856789159,0.3112599427156639,4.0,3.0,charge
1AO7,"GE98A,RE99Q","GE97S,GE98A,RE99Q",-1.7003740648174306,0.2294920872628191,False,False,False,1.0,0.0778149856789159,0.3112599427156639,4.0,3.0,charge
1AO7,"AE96M,GE98A,RE99Q","AE96M,GE97S,GE98A,RE99Q",-2.224496719433576,0.2543498365298028,False,False,False,1.0,0.0778149856789159,0.3112599427156639,4.0,3.0,charge
1AO7,"GE97S,GE98A,RE99Q","AE96M,GE97S,GE98A,RE99Q",-0.4148124837935887,0.1685917948862826,False,False,False,1.0,0.0778149856789159,0.3112599427156639,4.0,3.0,charge
1BJ1,WT,YH103R,-1.243478404527508,0.2667911258179665,True,True,True,2.0,0.2322065264146277,2.019463461979377,6.0,2.0,charge
1BJ1,WT,SH105T,-0.1900000000000012,0.1802775637731994,False,False,False,2.0,0.2322065264146277,2.019463461979377,6.0,2.0,charge
1BJ1,YH103R,"HH101Y,YH103R",0.3070685602037848,0.1972824117957598,False,True,False,2.0,0.4846394591620498,2.530806698643481,4.0,2.0,charge
1BJ1,YH103R,"YH103R,SH105T",-0.4118122275280775,0.1703052671677676,False,False,False,2.0,0.380268741913448,2.530806698643481,4.0,0.0,charge
1BJ1,SH105T,"YH103R,SH105T",-0.9539473953914808,0.2945954976098647,True,True,True,2.0,0.2322065264146277,2.019463461979377,6.0,2.0,charge
1BJ1,"HH101Y,YH103R","HH101Y,YH103R,SH105T",0.0672914940970201,0.2147616900266288,False,False,False,2.0,0.4846394591620498,2.530806698643481,4.0,2.0,charge
1BJ1,"YH103R,SH105T","HH101Y,YH103R,SH105T",-1.7446344168145984,0.2072535874009266,False,True,False,2.0,0.4846394591620498,2.530806698643481,4.0,2.0,charge
1CHO,WT,NI33D,1.15426069706416,0.27072363857668,True,False,False,2.0,0.1513997551639606,0.9162658504978224,4.0,2.0,charge
1CHO,WT,SI48N,0.2575177945718963,0.1936031789438142,False,False,False,2.0,0.1513997551639606,0.9162658504978224,4.0,2.0,charge
1CHO,WT,LI15M,1.130704526869831,0.2380331918515338,False,False,False,0.0,0.0,0.0,0.0,0.0,charge
1CHO,NI33D,"LI15M,NI33D",1.1666575442088387,0.1999840298525195,False,False,False,2.0,0.0960999693863614,0.4738675642770289,4.0,2.0,charge
1CHO,NI33D,"NI33D,SI48N",-0.6084427419399958,0.2144575348643579,False,False,False,2.0,0.1737666768468564,0.9162658504978224,4.0,0.0,charge
1CHO,SI48N,"NI33D,SI48N",1.2045660110500904,0.261081348987678,True,False,False,2.0,0.1513997551639606,0.9162658504978224,4.0,2.0,charge
1CHO,"LI15M,NI33D","LI15M,NI33D,SI48N",-0.2057577232253891,0.188361469311504,False,False,False,2.0,0.0960999693863614,0.4738675642770289,4.0,2.0,charge
1CHO,"NI33D,SI48N","LI15M,NI33D,SI48N",1.0954749986464165,0.1288755286827813,False,False,False,2.0,0.0960999693863614,0.4738675642770289,4.0,2.0,charge
1R0R,WT,NI31D,-0.7301061260055093,0.2329775856272631,True,False,False,2.0,0.5771999764667614,2.995483315352104,4.0,2.0,charge
1R0R,WT,SI46N,0.222409009207098,0.1870582090774717,False,False,False,2.0,0.5771999764667614,2.995483315352104,4.0,2.0,charge
1R0R,WT,LI13M,0.5485556196782859,0.1980940658379569,False,False,False,0.0,0.0,0.0,0.0,0.0,charge
1R0R,NI31D,"LI13M,NI31D",1.6173668911683237,0.1302856580998842,False,False,False,2.0,0.2730531333951388,2.4331747445729803,6.0,2.0,charge
1R0R,NI31D,"NI31D,SI46N",-0.4644868765715557,0.2129105111518975,False,False,False,2.0,0.4447239857664034,2.995483315352104,4.0,0.0,charge
1R0R,SI46N,"NI31D,SI46N",1.5784813035679406,0.2157810046653591,True,False,False,2.0,0.5771999764667614,2.995483315352104,4.0,2.0,charge
1R0R,"LI13M,NI31D","LI13M,NI31D,SI46N",0.0545394310089335,0.1713795076022461,False,False,False,2.0,0.2730531333951388,2.4331747445729803,6.0,2.0,charge
1R0R,"NI31D,SI46N","LI13M,NI31D,SI46N",1.5740846279696896,0.2135043744211454,False,False,False,2.0,0.2730531333951388,2.4331747445729803,6.0,2.0,charge
1MLC,WT,SB57V,-0.7988306061112986,0.168937998192333,False,False,False,2.0,1.049157918801745,5.343543556408708,4.0,2.0,charge
1MLC,WT,TB58D,-5.657745444295927,0.1825583888404279,True,False,False,2.0,1.049157918801745,5.343543556408708,4.0,2.0,charge
1MLC,SB57V,"SB57V,TB58D",-0.3532744296987857,0.1344083936734953,True,False,False,2.0,1.049157918801745,5.343543556408708,4.0,2.0,charge
1MLC,TB58D,"NA92A,TB58D",0.2409656880519151,0.1987489690830893,False,False,False,2.0,0.4773354574257602,4.574579691007878,6.0,2.0,charge
1MLC,TB58D,"SB57V,TB58D",-0.8379031479228658,0.1773484169275,False,False,False,2.0,0.7640634277261922,5.343543556408708,4.0,0.0,charge
1MLC,"NA92A,TB58D","NA92A,SB57V,TB58D",-0.5414867661798564,0.2327922626217436,False,False,False,2.0,0.4773354574257602,4.574579691007878,6.0,2.0,charge
1MLC,"SB57V,TB58D","NA92A,SB57V,TB58D",-0.2315817956059049,0.1987038696516518,False,False,False,2.0,0.4773354574257602,4.574579691007878,6.0,2.0,charge
1PPF,WT,NI36D,-1.4645251140143074,0.1758197353366839,True,False,False,2.0,0.2646204463556717,2.3320146512188167,6.0,2.0,charge
1PPF,WT,SI51N,-0.9656279932247144,0.266200956740758,False,False,False,2.0,0.2646204463556717,2.3320146512188167,6.0,2.0,charge
1PPF,NI36D,"LI18M,NI36D",-1.3886804136016837,0.2477278497148727,False,False,False,2.0,0.5561222777580238,2.8943017879183124,4.0,2.0,charge
1PPF,NI36D,"NI36D,SI51N",0.1004035020260118,0.1719085754377499,False,False,False,2.0,0.432073615577226,2.8943017879183124,4.0,0.0,charge
1PPF,SI51N,"NI36D,SI51N",-0.9607807554630768,0.2558999774797076,True,False,False,2.0,0.2646204463556717,2.3320146512188167,6.0,2.0,charge
1PPF,"LI18M,NI36D","LI18M,NI36D,SI51N",-0.6286676664356889,0.2592466475628001,False,False,False,2.0,0.5561222777580238,2.8943017879183124,4.0,2.0,charge
1PPF,"NI36D,SI51N","LI18M,NI36D,SI51N",0.7765502058549281,0.212597465921449,False,False,False,2.0,0.5561222777580238,2.8943017879183124,4.0,2.0,charge
