condition,source,system,from_mutation,to_mutation,exp_edge_ddG,Additive,Raw_FEP,ProtMutMap
forward,standard,1A22,WT,YA42A,0.1993436440622318,-0.9800000000000004,-0.9800000000000004,-0.7526666666666663
forward,standard,1A22,WT,QA46A,0.1080167680025301,0.9699999999999988,0.9699999999999988,0.7426666666666636
forward,standard,1A22,YA42A,"YA42A,QA46A",0.0739814520054107,0.9699999999999988,1.5499999999999972,1.7779999999999978
forward,standard,1A22,QA46A,"YA42A,QA46A",0.1653083280651124,-0.9800000000000004,0.5100000000000016,0.28266666666666806
forward,standard,1AO7,WT,GE98A,-1.091030029899648,-1.92,-1.92,-1.0351785714285715
forward,standard,1AO7,WT,SD94T,-0.4934868748353453,-2.3500000000000014,-2.3500000000000014,-2.389285714285709
forward,standard,1AO7,WT,GD28T,-0.7592304385478856,0.2699999999999996,0.2699999999999996,-0.5755357142857118
forward,standard,1BJ1,WT,SH105T,-0.3905713806094226,-0.1900000000000012,-0.1900000000000012,-0.5633333333333324
forward,charge,1AO7,WT,RE99Q,0.4106564221518027,0.3840672495043655,0.3840672495043655,-0.1827391668232575
forward,charge,1AO7,GE98A,"GE98A,RE99Q",-0.472484720254581,0.3840672495043655,-1.396956707544451,-0.8301502912168268
forward,charge,1AO7,RE99Q,"GE98A,RE99Q",-1.974171172306032,-1.92,-1.43379829173832,-2.000604708065944
forward,charge,1CHO,WT,NI33D,-1.0400738733360146,1.15426069706416,1.15426069706416,1.367007086245114
forward,charge,1CHO,WT,LI15M,0.3806231860132314,1.130704526869831,1.130704526869831,1.130704526869831
forward,charge,1R0R,WT,NI31D,0.5696492191193663,-0.7301061260055093,-0.7301061260055093,0.031202186703113286
forward,charge,1R0R,WT,LI13M,-0.5162599404479788,0.5485556196782859,0.5485556196782859,0.5485556196782859
forward,charge,1MLC,WT,SB57V,-0.4944019499529286,-0.7988306061112986,-0.7988306061112986,-2.1725112967935623
forward,charge,1MLC,WT,TB58D,-0.5599329877712211,-5.657745444295927,-5.657745444295927,-4.2840647536136585
forward,charge,1MLC,SB57V,"SB57V,TB58D",-0.4937689276774968,-5.657745444295927,-0.3532744296987857,-1.726955120381052
forward,charge,1MLC,TB58D,"SB57V,TB58D",-0.4282378898592043,-0.7988306061112986,-0.8379031479228658,0.3845983364390442
forward,charge,1PPF,WT,NI36D,-3.077951935269532,-1.4645251140143074,-1.4645251140143074,-1.4215148979396173
bidirectional,standard,1A22,WT,YA42A,0.1993436440622318,-0.9800000000000004,-0.9800000000000004,-0.7526666666666663
bidirectional,standard,1A22,WT,QA46A,0.1080167680025301,0.9699999999999988,0.9699999999999988,0.7426666666666636
bidirectional,standard,1A22,YA42A,"YA42A,QA46A",0.0739814520054107,0.9699999999999988,1.5499999999999972,1.7779999999999978
bidirectional,standard,1A22,QA46A,"YA42A,QA46A",0.1653083280651124,-0.9800000000000004,0.5100000000000016,0.28266666666666806
bidirectional,standard,1AO7,WT,GE98A,-1.091030029899648,-1.92,-1.92,-1.0351785714285715
bidirectional,standard,1AO7,WT,SD94T,-0.4934868748353453,-2.3500000000000014,-2.3500000000000014,-2.389285714285709
bidirectional,standard,1AO7,WT,GD28T,-0.7592304385478856,0.2699999999999996,0.2699999999999996,-0.5755357142857118
bidirectional,standard,1BJ1,WT,SH105T,-0.3905713806094226,-0.1900000000000012,-0.1900000000000012,-0.5633333333333324
bidirectional,charge,1AO7,WT,RE99Q,0.4106564221518027,-0.6662116744856962,-0.6662116744856962,-0.8326104480901807
bidirectional,charge,1AO7,GE98A,"GE98A,RE99Q",-0.472484720254581,-0.6662116744856962,-1.1784026078509218,-1.0120038342464361
bidirectional,charge,1AO7,RE99Q,"GE98A,RE99Q",-1.974171172306032,-1.92,-1.43379829173832,-1.7665958389472864
bidirectional,charge,1CHO,WT,NI33D,-1.0400738733360146,0.7983773250547372,0.7983773250547372,0.7450976766285219
bidirectional,charge,1CHO,WT,LI15M,0.3806231860132314,1.130704526869831,1.130704526869831,1.130704526869831
bidirectional,charge,1R0R,WT,NI31D,0.5696492191193663,-0.309065185322531,-0.309065185322531,-0.05261393328094206
bidirectional,charge,1R0R,WT,LI13M,-0.5162599404479788,0.5485556196782859,0.5485556196782859,0.5485556196782859
bidirectional,charge,1MLC,WT,SB57V,-0.4944019499529286,-0.7988306061112986,-0.7988306061112986,-1.377469252520617
bidirectional,charge,1MLC,WT,TB58D,-0.5599329877712211,-3.4372180672140176,-3.4372180672140176,-2.1380520535833942
bidirectional,charge,1MLC,SB57V,"SB57V,TB58D",-0.4937689276774968,-3.4372180672140176,-0.6829466746237927,-0.9722659978284489
bidirectional,charge,1MLC,TB58D,"SB57V,TB58D",-0.4282378898592043,-0.7988306061112986,-0.8379031479228658,-0.2116831967656716
bidirectional,charge,1PPF,WT,NI36D,-3.077951935269532,-3.1083511488357094,-3.1083511488357094,-2.4500555178101067
