condition,source,system,mutation,node_type,mutation_num,exp_ddG,Additive,Stepwise,ProtMutMap,OLS
forward,standard,1A22,"FA25A,YA42A,QA46A",target,3,0.1905228560550611,-0.9400000000000016,-0.0599999999999987,0.16599999999999956,0.16599999999999956
forward,standard,1AO7,"AE96M,GE97S,GE98A",target,3,-3.549655056487599,-2.54,-4.959999999999999,-3.9851785714285684,-3.9851785714285684
forward,standard,1AO7,"GD28M,SD51M,SD94T",target,3,-2.1264580534850017,-3.700000000000001,-1.7600000000000016,-2.554285714285717,-2.554285714285717
forward,standard,1AO7,"GD28T,AE96M,GE97S,GE98A",target,4,-3.861774144608208,-2.2700000000000005,-5.77,-4.2803571428571425,-4.2803571428571425
forward,standard,1AO7,"GD28T,SD51M,SD94T",target,3,-1.604389713731119,-2.970000000000001,-3.709999999999999,-3.6608928571428527,-3.6608928571428527
forward,standard,1BJ1,"HH101Y,YH103W,SH105T",target,3,-1.0414464104003454,-0.9699999999999988,-2.140000000000001,-2.719999999999996,-2.719999999999996
forward,standard,1A22,QA46A,single,1,0.1080167680025301,0.9699999999999988,0.9699999999999988,0.7426666666666636,0.7426666666666636
forward,standard,1A22,YA42A,single,1,0.1993436440622318,-0.9800000000000004,-0.9800000000000004,-0.7526666666666663,-0.7526666666666663
forward,standard,1A22,"YA42A,QA46A",subcomb_2mut,2,0.2733250960676425,-0.0100000000000015,0.5699999999999967,1.0253333333333317,1.0253333333333317
forward,standard,1AO7,GD28T,single,1,-0.7592304385478856,0.2699999999999996,0.2699999999999996,-0.5755357142857118,-0.5755357142857118
forward,standard,1AO7,GE98A,single,1,-1.091030029899648,-1.92,-1.92,-1.0351785714285715,-1.0351785714285715
forward,standard,1AO7,SD94T,single,1,-0.4934868748353453,-2.3500000000000014,-2.3500000000000014,-2.389285714285709,-2.389285714285709
forward,standard,1AO7,"GD28M,SD94T",subcomb_2mut,2,-1.7472666526969372,-2.8100000000000014,-1.8900000000000008,-2.3067857142857133,-2.3067857142857133
forward,standard,1BJ1,SH105T,single,1,-0.3905713806094226,-0.1900000000000012,-0.1900000000000012,-0.5633333333333324,-0.5633333333333324
forward,charge,1AO7,"AE96M,GE97S,GE98A,RE99Q",target,4,-3.9603114786394,-2.1559327504956345,-5.743403198871134,-4.454160394858051,-4.454160394858051
forward,charge,1BJ1,"HH101Y,YH103R,SH105T",target,3,-1.173648250036937,-1.4134784045275095,-0.869118350226703,-2.183065074747148,-2.183065074747148
forward,charge,1CHO,"LI15M,NI33D,SI48N",target,3,-0.4824115869632592,2.542483018505888,2.1151605180476096,2.197346319680525,2.197346319680525
forward,charge,1R0R,"LI13M,NI31D,SI46N",target,3,-0.3073604120647637,0.0408585028798746,0.941800196171748,1.8026083798451193,1.8026083798451193
forward,charge,1MLC,"NA92A,SB57V,TB58D",target,3,-2.39525988719862,-5.682648863859573,-1.3836868314159894,-4.282227419100881,-4.282227419100881
forward,charge,1PPF,"LI18M,NI36D,SI51N",target,3,-0.8585862649732494,-2.0711951873461807,-3.48187319405168,-1.970206975980489,-1.970206975980489
forward,charge,1AO7,GE98A,single,1,-1.091030029899648,-1.92,-1.92,-1.353193583672375,-1.353193583672375
forward,charge,1AO7,RE99Q,single,1,0.4106564221518027,0.3840672495043655,0.3840672495043655,-0.1827391668232575,-0.1827391668232575
forward,charge,1AO7,"GE98A,RE99Q",subcomb_2mut,2,-1.563514750154229,-1.5359327504956344,-3.316956707544451,-2.183343874889202,-2.183343874889202
forward,charge,1BJ1,SH105T,single,1,-0.3905713806094226,-0.1900000000000012,-0.1900000000000012,-0.15763774986752965,-0.15763774986752965
forward,charge,1CHO,NI33D,single,1,-1.0400738733360146,1.15426069706416,1.15426069706416,1.367007086245114,1.367007086245114
forward,charge,1R0R,NI31D,single,1,0.5696492191193663,-0.7301061260055093,-0.7301061260055093,0.031202186703113286,0.031202186703113286
forward,charge,1MLC,SB57V,single,1,-0.4944019499529286,-0.7988306061112986,-0.7988306061112986,-2.1725112967935623,-2.1725112967935623
forward,charge,1MLC,TB58D,single,1,-0.5599329877712211,-5.657745444295927,-5.657745444295927,-4.2840647536136585,-4.2840647536136585
forward,charge,1MLC,"SB57V,TB58D",subcomb_2mut,2,-0.9881708776304254,-6.456576050407225,-1.1521050358100844,-3.8994664171746143,-3.8994664171746143
forward,charge,1PPF,NI36D,single,1,-3.077951935269532,-1.4645251140143074,-1.4645251140143074,-1.4215148979396173,-1.4215148979396173
bidirectional,standard,1A22,"FA25A,YA42A,QA46A",target,3,0.1905228560550611,-0.9400000000000016,-0.0599999999999987,0.16599999999999956,0.16599999999999956
bidirectional,standard,1AO7,"AE96M,GE97S,GE98A",target,3,-3.549655056487599,-2.54,-4.959999999999999,-3.9851785714285684,-3.9851785714285684
bidirectional,standard,1AO7,"GD28M,SD51M,SD94T",target,3,-2.1264580534850017,-3.700000000000001,-1.7600000000000016,-2.554285714285717,-2.554285714285717
bidirectional,standard,1AO7,"GD28T,AE96M,GE97S,GE98A",target,4,-3.861774144608208,-2.2700000000000005,-5.77,-4.2803571428571425,-4.2803571428571425
bidirectional,standard,1AO7,"GD28T,SD51M,SD94T",target,3,-1.604389713731119,-2.970000000000001,-3.709999999999999,-3.6608928571428527,-3.6608928571428527
bidirectional,standard,1BJ1,"HH101Y,YH103W,SH105T",target,3,-1.0414464104003454,-0.9699999999999988,-2.140000000000001,-2.719999999999996,-2.719999999999996
bidirectional,standard,1A22,QA46A,single,1,0.1080167680025301,0.9699999999999988,0.9699999999999988,0.7426666666666636,0.7426666666666636
bidirectional,standard,1A22,YA42A,single,1,0.1993436440622318,-0.9800000000000004,-0.9800000000000004,-0.7526666666666663,-0.7526666666666663
bidirectional,standard,1A22,"YA42A,QA46A",subcomb_2mut,2,0.2733250960676425,-0.0100000000000015,0.5699999999999967,1.0253333333333317,1.0253333333333317
bidirectional,standard,1AO7,GD28T,single,1,-0.7592304385478856,0.2699999999999996,0.2699999999999996,-0.5755357142857118,-0.5755357142857118
bidirectional,standard,1AO7,GE98A,single,1,-1.091030029899648,-1.92,-1.92,-1.0351785714285715,-1.0351785714285715
bidirectional,standard,1AO7,SD94T,single,1,-0.4934868748353453,-2.3500000000000014,-2.3500000000000014,-2.389285714285709,-2.389285714285709
bidirectional,standard,1AO7,"GD28M,SD94T",subcomb_2mut,2,-1.7472666526969372,-2.8100000000000014,-1.8900000000000008,-2.3067857142857133,-2.3067857142857133
bidirectional,standard,1BJ1,SH105T,single,1,-0.3905713806094226,-0.1900000000000012,-0.1900000000000012,-0.5633333333333324,-0.5633333333333324
bidirectional,charge,1AO7,"AE96M,GE97S,GE98A,RE99Q",target,4,-3.9603114786394,-3.2062116744856963,-5.5248490991776045,-4.8700228070063165,-4.8700228070063165
bidirectional,charge,1BJ1,"HH101Y,YH103R,SH105T",target,3,-1.173648250036937,-1.4166573407593075,-0.872297286458501,-2.102244085197018,-2.102244085197018
bidirectional,charge,1CHO,"LI15M,NI33D,SI48N",target,3,-0.4824115869632592,2.1865996464964645,1.7592771460381869,1.4157840670472424,1.2679977418154598
bidirectional,charge,1R0R,"LI13M,NI31D,SI46N",target,3,-0.3073604120647637,0.4618994435628529,1.3628411368547262,1.5945893555483428,1.5945893555483428
bidirectional,charge,1MLC,"NA92A,SB57V,TB58D",target,3,-2.39525988719862,-3.462121486777664,-1.7133590763409965,-2.5337357412070927,-3.176365453296342
bidirectional,charge,1PPF,"LI18M,NI36D,SI51N",target,3,-0.8585862649732494,-3.7150212221675822,-5.125699228873081,-2.76301788403569,-3.0182384002366716
bidirectional,charge,1AO7,GE98A,single,1,-1.091030029899648,-1.92,-1.92,-1.5872024527910311,-1.5872024527910311
bidirectional,charge,1AO7,RE99Q,single,1,0.4106564221518027,-0.6662116744856963,-0.6662116744856963,-0.8326104480901807,-0.8326104480901807
bidirectional,charge,1AO7,"GE98A,RE99Q",subcomb_2mut,2,-1.563514750154229,-2.586211674485696,-3.0984026078509217,-2.5992062870374673,-2.5992062870374673
bidirectional,charge,1BJ1,SH105T,single,1,-0.3905713806094226,-0.1900000000000012,-0.1900000000000012,-0.22545655058322156,-0.22545655058322156
bidirectional,charge,1CHO,NI33D,single,1,-1.0400738733360146,0.7983773250547372,0.7983773250547372,0.7450976766285219,0.6712045140126308
bidirectional,charge,1R0R,NI31D,single,1,0.5696492191193663,-0.309065185322531,-0.309065185322531,-0.05261393328094206,-0.05261393328094206
bidirectional,charge,1MLC,SB57V,single,1,-0.4944019499529286,-0.7988306061112986,-0.7988306061112986,-1.377469252520617,-1.7446862308573272
bidirectional,charge,1MLC,TB58D,single,1,-0.5599329877712211,-3.437218067214017,-3.437218067214017,-2.1380520535833942,-2.9642902548410004
bidirectional,charge,1MLC,"SB57V,TB58D",subcomb_2mut,2,-0.9881708776304254,-4.236048673325316,-1.4817772807350913,-2.349735250349066,-2.900560717854137
bidirectional,charge,1PPF,NI36D,single,1,-3.077951935269532,-3.108351148835709,-3.108351148835709,-2.4500555178101067,-2.778196181497082
