source,system,mutation,node_type,mutation_num,exp_ddG
charge,1AO7,RE99Q,single,1,0.4106564221518027
charge,1CHO,"LI15M,NI33D,SI48N",target,3,-0.4824115869632592
charge,1CHO,NI33D,single,1,-1.0400738733360146
charge,1MLC,"NA92A,SB57V,TB58D",target,3,-2.39525988719862
charge,1MLC,SB57V,single,1,-0.4944019499529286
charge,1MLC,"SB57V,TB58D",subcomb_2mut,2,-0.9881708776304254
charge,1MLC,TB58D,single,1,-0.5599329877712211
charge,1PPF,"LI18M,NI36D,SI51N",target,3,-0.8585862649732494
charge,1PPF,NI36D,single,1,-3.077951935269532
charge,1R0R,"LI13M,NI31D,SI46N",target,3,-0.3073604120647637
charge,1R0R,NI31D,single,1,0.5696492191193663
