method,source,system,from_mutation,to_mutation,direction,edge_id,mode,leg_id,nrep
Additive,charge,1AO7,RE99Q,WT,reverse,4284627f0bbbf8ba,complex,d415a4b107d76e1d,64
Additive,charge,1AO7,RE99Q,WT,reverse,4284627f0bbbf8ba,partner2,c55ee0475b2b6630,64
Additive,charge,1AO7,WT,RE99Q,forward,26dcc14e6d7a5ad2,complex,1bcb241a905ea69b,64
Additive,charge,1AO7,WT,RE99Q,forward,26dcc14e6d7a5ad2,partner2,414333d35450c2d0,64
Additive,charge,1CHO,NI33D,WT,reverse,7b505e405d9cfe00,complex,9baf57d927d338c7,64
Additive,charge,1CHO,NI33D,WT,reverse,7b505e405d9cfe00,partner2,da5fa647c8a764f9,64
Additive,charge,1CHO,WT,LI15M,forward,d76b3e9bc2fa883a,complex,faea5b3154b000c5,32
Additive,charge,1CHO,WT,LI15M,forward,d76b3e9bc2fa883a,partner2,3756d608ce381094,32
Additive,charge,1CHO,WT,NI33D,forward,8e02f88f0d80493e,complex,9c775fe334bf7ecf,64
Additive,charge,1CHO,WT,NI33D,forward,8e02f88f0d80493e,partner2,f9bccb219ac6e894,64
Additive,charge,1CHO,WT,SI48N,forward,94404d9988298a86,complex,7597f7d84efc232e,32
Additive,charge,1CHO,WT,SI48N,forward,94404d9988298a86,partner2,a32fa2f597841d08,32
Additive,charge,1MLC,TB58D,WT,reverse,c5291921ff1c2c36,complex,01037c0191efc827,64
Additive,charge,1MLC,TB58D,WT,reverse,c5291921ff1c2c36,partner1,89005d539d40d85d,64
Additive,charge,1MLC,WT,NA92A,forward,be3cd254cb23eef5,complex,88c9baa2690f8c3b,32
Additive,charge,1MLC,WT,NA92A,forward,be3cd254cb23eef5,partner1,9d39cc959010efe5,32
Additive,charge,1MLC,WT,SB57V,forward,3b876cfb8ec52262,complex,870d8ee1e8ba038f,32
Additive,charge,1MLC,WT,SB57V,forward,3b876cfb8ec52262,partner1,ec671c8e84dc1fe6,32
Additive,charge,1MLC,WT,TB58D,forward,8357a8b45a3ef82c,complex,1cd58bc4f2b04784,64
Additive,charge,1MLC,WT,TB58D,forward,8357a8b45a3ef82c,partner1,7f73029d325c4d77,64
Additive,charge,1PPF,NI36D,WT,reverse,9250ffecee8aa94b,complex,cc122f0169a605dd,64
Additive,charge,1PPF,NI36D,WT,reverse,9250ffecee8aa94b,partner2,b74651e6830e9b83,64
Additive,charge,1PPF,WT,LI18M,forward,87a698d931e69181,complex,d80a6edb50110223,32
Additive,charge,1PPF,WT,LI18M,forward,87a698d931e69181,partner2,8861d61c74bacc60,32
Additive,charge,1PPF,WT,NI36D,forward,7a6ab62e6ed468c9,complex,2a6253771c3d86bc,64
Additive,charge,1PPF,WT,NI36D,forward,7a6ab62e6ed468c9,partner2,42157c593375390a,64
Additive,charge,1PPF,WT,SI51N,forward,6ed5ee30df7a41d2,complex,0b3d808e7eea5f88,32
Additive,charge,1PPF,WT,SI51N,forward,6ed5ee30df7a41d2,partner2,c77ac5f4b26f0900,32
Additive,charge,1R0R,NI31D,WT,reverse,d58c263c60122df3,complex,3ea258c024d3e3ed,64
Additive,charge,1R0R,NI31D,WT,reverse,d58c263c60122df3,partner2,a89ddbcc428a779c,64
Additive,charge,1R0R,WT,LI13M,forward,7db0702feeca9c55,complex,2b5e13cb915f1ba8,32
Additive,charge,1R0R,WT,LI13M,forward,7db0702feeca9c55,partner2,decec244b74b8d72,32
Additive,charge,1R0R,WT,NI31D,forward,2449b405f4f1b9fd,complex,f257721a3b843d7b,64
Additive,charge,1R0R,WT,NI31D,forward,2449b405f4f1b9fd,partner2,7f853578e5057f39,64
Additive,charge,1R0R,WT,SI46N,forward,99389b68e677fddf,complex,18356b210d1ba0e3,32
Additive,charge,1R0R,WT,SI46N,forward,99389b68e677fddf,partner2,0f093e5504d5a03b,32
Stepwise,charge,1AO7,RE99Q,WT,reverse,4284627f0bbbf8ba,complex,d415a4b107d76e1d,64
Stepwise,charge,1AO7,RE99Q,WT,reverse,4284627f0bbbf8ba,partner2,c55ee0475b2b6630,64
Stepwise,charge,1AO7,WT,RE99Q,forward,26dcc14e6d7a5ad2,complex,1bcb241a905ea69b,64
Stepwise,charge,1AO7,WT,RE99Q,forward,26dcc14e6d7a5ad2,partner2,414333d35450c2d0,64
Stepwise,charge,1CHO,"LI15M,NI33D","LI15M,NI33D,SI48N",forward,36a1dbda26950dcd,complex,db22d02d2b28f559,32
Stepwise,charge,1CHO,"LI15M,NI33D","LI15M,NI33D,SI48N",forward,36a1dbda26950dcd,partner2,0de5750c4d98c61b,32
Stepwise,charge,1CHO,NI33D,"LI15M,NI33D",forward,f3bbf8bc80ea8e59,complex,cf4e6da216ede7f8,32
Stepwise,charge,1CHO,NI33D,"LI15M,NI33D",forward,f3bbf8bc80ea8e59,partner2,6fa9171d1e194f97,32
Stepwise,charge,1CHO,NI33D,WT,reverse,7b505e405d9cfe00,complex,9baf57d927d338c7,64
Stepwise,charge,1CHO,NI33D,WT,reverse,7b505e405d9cfe00,partner2,da5fa647c8a764f9,64
Stepwise,charge,1CHO,WT,NI33D,forward,8e02f88f0d80493e,complex,9c775fe334bf7ecf,64
Stepwise,charge,1CHO,WT,NI33D,forward,8e02f88f0d80493e,partner2,f9bccb219ac6e894,64
Stepwise,charge,1MLC,SB57V,"SB57V,TB58D",forward,fb5c35da8426e0e2,complex,f9302aa63a15e732,64
Stepwise,charge,1MLC,SB57V,"SB57V,TB58D",forward,fb5c35da8426e0e2,partner1,0e1f9628b9301a1c,64
Stepwise,charge,1MLC,"SB57V,TB58D","NA92A,SB57V,TB58D",forward,ec89c4ddfb136754,complex,b22296833f2eb7e9,32
Stepwise,charge,1MLC,"SB57V,TB58D","NA92A,SB57V,TB58D",forward,ec89c4ddfb136754,partner1,023f3f8b8f8f8c0e,32
Stepwise,charge,1MLC,"SB57V,TB58D",SB57V,reverse,6044097f9a144005,complex,e1d729c24c0f3f0e,64
Stepwise,charge,1MLC,"SB57V,TB58D",SB57V,reverse,6044097f9a144005,partner1,5e537d334c025649,64
Stepwise,charge,1MLC,TB58D,WT,reverse,c5291921ff1c2c36,complex,01037c0191efc827,64
Stepwise,charge,1MLC,TB58D,WT,reverse,c5291921ff1c2c36,partner1,89005d539d40d85d,64
Stepwise,charge,1MLC,WT,SB57V,forward,3b876cfb8ec52262,complex,870d8ee1e8ba038f,32
Stepwise,charge,1MLC,WT,SB57V,forward,3b876cfb8ec52262,partner1,ec671c8e84dc1fe6,32
Stepwise,charge,1MLC,WT,TB58D,forward,8357a8b45a3ef82c,complex,1cd58bc4f2b04784,64
Stepwise,charge,1MLC,WT,TB58D,forward,8357a8b45a3ef82c,partner1,7f73029d325c4d77,64
Stepwise,charge,1PPF,"LI18M,NI36D","LI18M,NI36D,SI51N",forward,ea6cbf2ad4094ac1,complex,99f7294596cfe81c,32
Stepwise,charge,1PPF,"LI18M,NI36D","LI18M,NI36D,SI51N",forward,ea6cbf2ad4094ac1,partner2,23c9d38e71f6a943,32
Stepwise,charge,1PPF,NI36D,"LI18M,NI36D",forward,6c4d61c8a20ae5fd,complex,788a6d9f52020930,32
Stepwise,charge,1PPF,NI36D,"LI18M,NI36D",forward,6c4d61c8a20ae5fd,partner2,72534c6f9f01e1d0,32
Stepwise,charge,1PPF,NI36D,WT,reverse,9250ffecee8aa94b,complex,cc122f0169a605dd,64
Stepwise,charge,1PPF,NI36D,WT,reverse,9250ffecee8aa94b,partner2,b74651e6830e9b83,64
Stepwise,charge,1PPF,WT,NI36D,forward,7a6ab62e6ed468c9,complex,2a6253771c3d86bc,64
Stepwise,charge,1PPF,WT,NI36D,forward,7a6ab62e6ed468c9,partner2,42157c593375390a,64
Stepwise,charge,1R0R,"LI13M,NI31D","LI13M,NI31D,SI46N",forward,f834978898621e27,complex,1e4f1e76442c95d0,32
Stepwise,charge,1R0R,"LI13M,NI31D","LI13M,NI31D,SI46N",forward,f834978898621e27,partner2,3028fadfbd2bcad1,32
Stepwise,charge,1R0R,NI31D,"LI13M,NI31D",forward,4eb05ae4494e5aaf,complex,e78975eb24dd6151,32
Stepwise,charge,1R0R,NI31D,"LI13M,NI31D",forward,4eb05ae4494e5aaf,partner2,ce2b24dd5929f31d,32
Stepwise,charge,1R0R,NI31D,WT,reverse,d58c263c60122df3,complex,3ea258c024d3e3ed,64
Stepwise,charge,1R0R,NI31D,WT,reverse,d58c263c60122df3,partner2,a89ddbcc428a779c,64
Stepwise,charge,1R0R,WT,NI31D,forward,2449b405f4f1b9fd,complex,f257721a3b843d7b,64
Stepwise,charge,1R0R,WT,NI31D,forward,2449b405f4f1b9fd,partner2,7f853578e5057f39,64
ProtMutMap,charge,1AO7,"AE96M,GE98A,RE99Q","AE96M,GE97S,GE98A,RE99Q",forward,fcda07bb24410bca,complex,37f020f5864368f8,32
ProtMutMap,charge,1AO7,"AE96M,GE98A,RE99Q","AE96M,GE97S,GE98A,RE99Q",forward,fcda07bb24410bca,partner2,c9c83c2d5ed181b9,32
ProtMutMap,charge,1AO7,"GE97S,GE98A,RE99Q","AE96M,GE97S,GE98A,RE99Q",forward,bb457a6ddb191962,complex,8210d637ccf63e55,32
ProtMutMap,charge,1AO7,"GE97S,GE98A,RE99Q","AE96M,GE97S,GE98A,RE99Q",forward,bb457a6ddb191962,partner2,bbac61e4da74611e,32
ProtMutMap,charge,1AO7,GE98A,"GE98A,RE99Q",forward,4fe64d458a6123e5,complex,784bdfaa1e637635,64
ProtMutMap,charge,1AO7,GE98A,"GE98A,RE99Q",forward,4fe64d458a6123e5,partner2,ed7e563f83905c1d,64
ProtMutMap,charge,1AO7,"GE98A,RE99Q","AE96M,GE98A,RE99Q",forward,35e8b940f73ade66,complex,904a232c5dc4a911,32
ProtMutMap,charge,1AO7,"GE98A,RE99Q","AE96M,GE98A,RE99Q",forward,35e8b940f73ade66,partner2,7760f9236ae965ef,32
ProtMutMap,charge,1AO7,"GE98A,RE99Q","GE97S,GE98A,RE99Q",forward,d759cd659fd432c5,complex,a9033d4c3b8e6bbc,32
ProtMutMap,charge,1AO7,"GE98A,RE99Q","GE97S,GE98A,RE99Q",forward,d759cd659fd432c5,partner2,534dcad3471c5b47,32
ProtMutMap,charge,1AO7,"GE98A,RE99Q",GE98A,reverse,c94084fd5d358294,complex,3cfba3275dba5d2e,64
ProtMutMap,charge,1AO7,"GE98A,RE99Q",GE98A,reverse,c94084fd5d358294,partner2,ee89cba8a8ef28ea,64
ProtMutMap,charge,1AO7,RE99Q,"GE98A,RE99Q",forward,ba6d092a8d04d45b,complex,fbc4381e90dfb74a,32
ProtMutMap,charge,1AO7,RE99Q,"GE98A,RE99Q",forward,ba6d092a8d04d45b,partner2,cbae76b7dc4b2418,32
ProtMutMap,charge,1AO7,RE99Q,WT,reverse,4284627f0bbbf8ba,complex,d415a4b107d76e1d,64
ProtMutMap,charge,1AO7,RE99Q,WT,reverse,4284627f0bbbf8ba,partner2,c55ee0475b2b6630,64
ProtMutMap,charge,1AO7,WT,RE99Q,forward,26dcc14e6d7a5ad2,complex,1bcb241a905ea69b,64
ProtMutMap,charge,1AO7,WT,RE99Q,forward,26dcc14e6d7a5ad2,partner2,414333d35450c2d0,64
ProtMutMap,charge,1CHO,"LI15M,NI33D","LI15M,NI33D,SI48N",forward,36a1dbda26950dcd,complex,db22d02d2b28f559,32
ProtMutMap,charge,1CHO,"LI15M,NI33D","LI15M,NI33D,SI48N",forward,36a1dbda26950dcd,partner2,0de5750c4d98c61b,32
ProtMutMap,charge,1CHO,NI33D,"LI15M,NI33D",forward,f3bbf8bc80ea8e59,complex,cf4e6da216ede7f8,32
ProtMutMap,charge,1CHO,NI33D,"LI15M,NI33D",forward,f3bbf8bc80ea8e59,partner2,6fa9171d1e194f97,32
ProtMutMap,charge,1CHO,NI33D,"NI33D,SI48N",forward,a3775990a0a3fc1c,complex,243629a5c4a94a09,32
ProtMutMap,charge,1CHO,NI33D,"NI33D,SI48N",forward,a3775990a0a3fc1c,partner2,bf8f1443d1f8a3ee,32
ProtMutMap,charge,1CHO,NI33D,WT,reverse,7b505e405d9cfe00,complex,9baf57d927d338c7,64
ProtMutMap,charge,1CHO,NI33D,WT,reverse,7b505e405d9cfe00,partner2,da5fa647c8a764f9,64
ProtMutMap,charge,1CHO,"NI33D,SI48N","LI15M,NI33D,SI48N",forward,bbb2f40e74158cf0,complex,75220a28e44f5978,32
ProtMutMap,charge,1CHO,"NI33D,SI48N","LI15M,NI33D,SI48N",forward,bbb2f40e74158cf0,partner2,a2804a44a6589c04,32
ProtMutMap,charge,1CHO,"NI33D,SI48N",SI48N,reverse,25f9c2a2d3a0173c,complex,c3ec3bf07d83e5d0,64
ProtMutMap,charge,1CHO,"NI33D,SI48N",SI48N,reverse,25f9c2a2d3a0173c,partner2,556ad957348f4a37,64
ProtMutMap,charge,1CHO,SI48N,"NI33D,SI48N",forward,dbdd5b2f17a23452,complex,9a3a0d5d6b89d9cd,64
ProtMutMap,charge,1CHO,SI48N,"NI33D,SI48N",forward,dbdd5b2f17a23452,partner2,d35d0a1ac2225882,64
ProtMutMap,charge,1CHO,WT,LI15M,forward,d76b3e9bc2fa883a,complex,faea5b3154b000c5,32
ProtMutMap,charge,1CHO,WT,LI15M,forward,d76b3e9bc2fa883a,partner2,3756d608ce381094,32
ProtMutMap,charge,1CHO,WT,NI33D,forward,8e02f88f0d80493e,complex,9c775fe334bf7ecf,64
ProtMutMap,charge,1CHO,WT,NI33D,forward,8e02f88f0d80493e,partner2,f9bccb219ac6e894,64
ProtMutMap,charge,1CHO,WT,SI48N,forward,94404d9988298a86,complex,7597f7d84efc232e,32
ProtMutMap,charge,1CHO,WT,SI48N,forward,94404d9988298a86,partner2,a32fa2f597841d08,32
ProtMutMap,charge,1MLC,"NA92A,TB58D","NA92A,SB57V,TB58D",forward,5856c152886ad666,complex,4a5315a1befeaa87,32
ProtMutMap,charge,1MLC,"NA92A,TB58D","NA92A,SB57V,TB58D",forward,5856c152886ad666,partner1,de83a8bef3ddfdce,32
ProtMutMap,charge,1MLC,SB57V,"SB57V,TB58D",forward,fb5c35da8426e0e2,complex,f9302aa63a15e732,64
ProtMutMap,charge,1MLC,SB57V,"SB57V,TB58D",forward,fb5c35da8426e0e2,partner1,0e1f9628b9301a1c,64
ProtMutMap,charge,1MLC,"SB57V,TB58D","NA92A,SB57V,TB58D",forward,ec89c4ddfb136754,complex,b22296833f2eb7e9,32
ProtMutMap,charge,1MLC,"SB57V,TB58D","NA92A,SB57V,TB58D",forward,ec89c4ddfb136754,partner1,023f3f8b8f8f8c0e,32
ProtMutMap,charge,1MLC,"SB57V,TB58D",SB57V,reverse,6044097f9a144005,complex,e1d729c24c0f3f0e,64
ProtMutMap,charge,1MLC,"SB57V,TB58D",SB57V,reverse,6044097f9a144005,partner1,5e537d334c025649,64
ProtMutMap,charge,1MLC,TB58D,"NA92A,TB58D",forward,d5c47f15d9d71806,complex,d930ced9b893be52,32
ProtMutMap,charge,1MLC,TB58D,"NA92A,TB58D",forward,d5c47f15d9d71806,partner1,1bd9ccc663d200be,32
ProtMutMap,charge,1MLC,TB58D,"SB57V,TB58D",forward,7aab20f03e043511,complex,47f81f7614a621d0,32
ProtMutMap,charge,1MLC,TB58D,"SB57V,TB58D",forward,7aab20f03e043511,partner1,df5ac58760d19b20,32
ProtMutMap,charge,1MLC,TB58D,WT,reverse,c5291921ff1c2c36,complex,01037c0191efc827,64
ProtMutMap,charge,1MLC,TB58D,WT,reverse,c5291921ff1c2c36,partner1,89005d539d40d85d,64
ProtMutMap,charge,1MLC,WT,SB57V,forward,3b876cfb8ec52262,complex,870d8ee1e8ba038f,32
ProtMutMap,charge,1MLC,WT,SB57V,forward,3b876cfb8ec52262,partner1,ec671c8e84dc1fe6,32
ProtMutMap,charge,1MLC,WT,TB58D,forward,8357a8b45a3ef82c,complex,1cd58bc4f2b04784,64
ProtMutMap,charge,1MLC,WT,TB58D,forward,8357a8b45a3ef82c,partner1,7f73029d325c4d77,64
ProtMutMap,charge,1PPF,"LI18M,NI36D","LI18M,NI36D,SI51N",forward,ea6cbf2ad4094ac1,complex,99f7294596cfe81c,32
ProtMutMap,charge,1PPF,"LI18M,NI36D","LI18M,NI36D,SI51N",forward,ea6cbf2ad4094ac1,partner2,23c9d38e71f6a943,32
ProtMutMap,charge,1PPF,NI36D,"LI18M,NI36D",forward,6c4d61c8a20ae5fd,complex,788a6d9f52020930,32
ProtMutMap,charge,1PPF,NI36D,"LI18M,NI36D",forward,6c4d61c8a20ae5fd,partner2,72534c6f9f01e1d0,32
ProtMutMap,charge,1PPF,NI36D,"NI36D,SI51N",forward,38178151c6c9d67e,complex,00d931af01043cb4,32
ProtMutMap,charge,1PPF,NI36D,"NI36D,SI51N",forward,38178151c6c9d67e,partner2,456ab1d1410ec4dc,32
ProtMutMap,charge,1PPF,NI36D,WT,reverse,9250ffecee8aa94b,complex,cc122f0169a605dd,64
ProtMutMap,charge,1PPF,NI36D,WT,reverse,9250ffecee8aa94b,partner2,b74651e6830e9b83,64
ProtMutMap,charge,1PPF,"NI36D,SI51N","LI18M,NI36D,SI51N",forward,5f5b37a7f7da53da,complex,674eba83f5ddf819,32
ProtMutMap,charge,1PPF,"NI36D,SI51N","LI18M,NI36D,SI51N",forward,5f5b37a7f7da53da,partner2,b55714fde568b0e1,32
ProtMutMap,charge,1PPF,"NI36D,SI51N",SI51N,reverse,279d0db30a082d53,complex,250c9b9e0983d5e5,64
ProtMutMap,charge,1PPF,"NI36D,SI51N",SI51N,reverse,279d0db30a082d53,partner2,1e1515816d2db892,64
ProtMutMap,charge,1PPF,SI51N,"NI36D,SI51N",forward,b4c4cc4dd161e7a0,complex,14ec082b83e8ab88,64
ProtMutMap,charge,1PPF,SI51N,"NI36D,SI51N",forward,b4c4cc4dd161e7a0,partner2,8d7920a2a211d823,64
ProtMutMap,charge,1PPF,WT,NI36D,forward,7a6ab62e6ed468c9,complex,2a6253771c3d86bc,64
ProtMutMap,charge,1PPF,WT,NI36D,forward,7a6ab62e6ed468c9,partner2,42157c593375390a,64
ProtMutMap,charge,1PPF,WT,SI51N,forward,6ed5ee30df7a41d2,complex,0b3d808e7eea5f88,32
ProtMutMap,charge,1PPF,WT,SI51N,forward,6ed5ee30df7a41d2,partner2,c77ac5f4b26f0900,32
ProtMutMap,charge,1R0R,"LI13M,NI31D","LI13M,NI31D,SI46N",forward,f834978898621e27,complex,1e4f1e76442c95d0,32
ProtMutMap,charge,1R0R,"LI13M,NI31D","LI13M,NI31D,SI46N",forward,f834978898621e27,partner2,3028fadfbd2bcad1,32
ProtMutMap,charge,1R0R,NI31D,"LI13M,NI31D",forward,4eb05ae4494e5aaf,complex,e78975eb24dd6151,32
ProtMutMap,charge,1R0R,NI31D,"LI13M,NI31D",forward,4eb05ae4494e5aaf,partner2,ce2b24dd5929f31d,32
ProtMutMap,charge,1R0R,NI31D,"NI31D,SI46N",forward,e199b0761c1e88a7,complex,491295b8b12d1120,32
ProtMutMap,charge,1R0R,NI31D,"NI31D,SI46N",forward,e199b0761c1e88a7,partner2,d60083030cf85579,32
ProtMutMap,charge,1R0R,NI31D,WT,reverse,d58c263c60122df3,complex,3ea258c024d3e3ed,64
ProtMutMap,charge,1R0R,NI31D,WT,reverse,d58c263c60122df3,partner2,a89ddbcc428a779c,64
ProtMutMap,charge,1R0R,"NI31D,SI46N","LI13M,NI31D,SI46N",forward,61e662e490548d98,complex,aae39fa6cc823755,32
ProtMutMap,charge,1R0R,"NI31D,SI46N","LI13M,NI31D,SI46N",forward,61e662e490548d98,partner2,160536b5de9ee1f7,32
ProtMutMap,charge,1R0R,"NI31D,SI46N",SI46N,reverse,021ce702e2fb2ff9,complex,8ee4817d398b342e,64
ProtMutMap,charge,1R0R,"NI31D,SI46N",SI46N,reverse,021ce702e2fb2ff9,partner2,d8bcef4cc7228e5d,64
ProtMutMap,charge,1R0R,SI46N,"NI31D,SI46N",forward,8b43024e618da40a,complex,680fb833b497cb99,64
ProtMutMap,charge,1R0R,SI46N,"NI31D,SI46N",forward,8b43024e618da40a,partner2,c535671592cb87de,64
ProtMutMap,charge,1R0R,WT,LI13M,forward,7db0702feeca9c55,complex,2b5e13cb915f1ba8,32
ProtMutMap,charge,1R0R,WT,LI13M,forward,7db0702feeca9c55,partner2,decec244b74b8d72,32
ProtMutMap,charge,1R0R,WT,NI31D,forward,2449b405f4f1b9fd,complex,f257721a3b843d7b,64
ProtMutMap,charge,1R0R,WT,NI31D,forward,2449b405f4f1b9fd,partner2,7f853578e5057f39,64
ProtMutMap,charge,1R0R,WT,SI46N,forward,99389b68e677fddf,complex,18356b210d1ba0e3,32
ProtMutMap,charge,1R0R,WT,SI46N,forward,99389b68e677fddf,partner2,0f093e5504d5a03b,32
