source,system,from_mutation,to_mutation,edge_id,cutoff_ps,complete,calc_ddG,leg_ids
charge,1AO7,"AE96M,GE98A,RE99Q","AE96M,GE97S,GE98A,RE99Q",fcda07bb24410bca,1000,True,-1.942104267172402,37f020f5864368f8;c9c83c2d5ed181b9
charge,1AO7,"AE96M,GE98A,RE99Q","AE96M,GE97S,GE98A,RE99Q",fcda07bb24410bca,2000,True,-2.208437390331248,37f020f5864368f8;c9c83c2d5ed181b9
charge,1AO7,"AE96M,GE98A,RE99Q","AE96M,GE97S,GE98A,RE99Q",fcda07bb24410bca,4000,True,-2.2244967194335756,37f020f5864368f8;c9c83c2d5ed181b9
charge,1AO7,"GE97S,GE98A,RE99Q","AE96M,GE97S,GE98A,RE99Q",bb457a6ddb191962,1000,True,0.18283611819332624,8210d637ccf63e55;bbac61e4da74611e
charge,1AO7,"GE97S,GE98A,RE99Q","AE96M,GE97S,GE98A,RE99Q",bb457a6ddb191962,2000,True,-0.34744053847578504,8210d637ccf63e55;bbac61e4da74611e
charge,1AO7,"GE97S,GE98A,RE99Q","AE96M,GE97S,GE98A,RE99Q",bb457a6ddb191962,4000,True,-0.4148124837935887,8210d637ccf63e55;bbac61e4da74611e
charge,1AO7,GE98A,"GE98A,RE99Q",4fe64d458a6123e5,1000,True,0.06711397627382354,784bdfaa1e637635;ed7e563f83905c1d
charge,1AO7,GE98A,"GE98A,RE99Q",4fe64d458a6123e5,2000,True,0.4092139940493311,784bdfaa1e637635;ed7e563f83905c1d
charge,1AO7,GE98A,"GE98A,RE99Q",4fe64d458a6123e5,4000,True,-1.396956707544451,784bdfaa1e637635;ed7e563f83905c1d
charge,1AO7,"GE98A,RE99Q","AE96M,GE98A,RE99Q",35e8b940f73ade66,1000,True,-0.052377346112364,904a232c5dc4a911;7760f9236ae965ef
charge,1AO7,"GE98A,RE99Q","AE96M,GE98A,RE99Q",35e8b940f73ade66,2000,True,-0.04198064649601285,904a232c5dc4a911;7760f9236ae965ef
charge,1AO7,"GE98A,RE99Q","AE96M,GE98A,RE99Q",35e8b940f73ade66,4000,True,-0.2019497718931076,904a232c5dc4a911;7760f9236ae965ef
charge,1AO7,"GE98A,RE99Q","GE97S,GE98A,RE99Q",d759cd659fd432c5,1000,True,-3.5621169591371302,a9033d4c3b8e6bbc;534dcad3471c5b47
charge,1AO7,"GE98A,RE99Q","GE97S,GE98A,RE99Q",d759cd659fd432c5,2000,True,-2.222048659718526,a9033d4c3b8e6bbc;534dcad3471c5b47
charge,1AO7,"GE98A,RE99Q","GE97S,GE98A,RE99Q",d759cd659fd432c5,4000,True,-1.7003740648174306,a9033d4c3b8e6bbc;534dcad3471c5b47
charge,1AO7,"GE98A,RE99Q",GE98A,c94084fd5d358294,1000,True,0.06762426384460696,3cfba3275dba5d2e;ee89cba8a8ef28ea
charge,1AO7,"GE98A,RE99Q",GE98A,c94084fd5d358294,2000,True,0.7722031518372319,3cfba3275dba5d2e;ee89cba8a8ef28ea
charge,1AO7,"GE98A,RE99Q",GE98A,c94084fd5d358294,4000,True,0.9598485081573926,3cfba3275dba5d2e;ee89cba8a8ef28ea
charge,1AO7,RE99Q,"GE98A,RE99Q",ba6d092a8d04d45b,1000,True,-2.969601729190357,fbc4381e90dfb74a;cbae76b7dc4b2418
charge,1AO7,RE99Q,"GE98A,RE99Q",ba6d092a8d04d45b,2000,True,-2.9390288528103543,fbc4381e90dfb74a;cbae76b7dc4b2418
charge,1AO7,RE99Q,"GE98A,RE99Q",ba6d092a8d04d45b,4000,True,-1.43379829173832,fbc4381e90dfb74a;cbae76b7dc4b2418
charge,1AO7,RE99Q,WT,4284627f0bbbf8ba,1000,True,2.761082202402548,d415a4b107d76e1d;c55ee0475b2b6630
charge,1AO7,RE99Q,WT,4284627f0bbbf8ba,2000,True,1.735139554763748,d415a4b107d76e1d;c55ee0475b2b6630
charge,1AO7,RE99Q,WT,4284627f0bbbf8ba,4000,True,1.7164905984757581,d415a4b107d76e1d;c55ee0475b2b6630
charge,1AO7,WT,GE98A,89af9b60c4aacab9,1000,False,,982ad53ae302dfd3;4c459eddb1afa95d
charge,1AO7,WT,GE98A,89af9b60c4aacab9,2000,False,,982ad53ae302dfd3;4c459eddb1afa95d
charge,1AO7,WT,GE98A,89af9b60c4aacab9,4000,False,,982ad53ae302dfd3;4c459eddb1afa95d
charge,1AO7,WT,RE99Q,26dcc14e6d7a5ad2,1000,True,0.5507341252017284,1bcb241a905ea69b;414333d35450c2d0
charge,1AO7,WT,RE99Q,26dcc14e6d7a5ad2,2000,True,-0.742244574891906,1bcb241a905ea69b;414333d35450c2d0
charge,1AO7,WT,RE99Q,26dcc14e6d7a5ad2,4000,True,0.38406724950436555,1bcb241a905ea69b;414333d35450c2d0
charge,1CHO,"LI15M,NI33D","LI15M,NI33D,SI48N",36a1dbda26950dcd,1000,True,0.356210540090359,db22d02d2b28f559;0de5750c4d98c61b
charge,1CHO,"LI15M,NI33D","LI15M,NI33D,SI48N",36a1dbda26950dcd,2000,True,0.8939040424398286,db22d02d2b28f559;0de5750c4d98c61b
charge,1CHO,"LI15M,NI33D","LI15M,NI33D,SI48N",36a1dbda26950dcd,4000,True,-0.2057577232253891,db22d02d2b28f559;0de5750c4d98c61b
charge,1CHO,NI33D,"LI15M,NI33D",f3bbf8bc80ea8e59,1000,True,1.1786591130036292,cf4e6da216ede7f8;6fa9171d1e194f97
charge,1CHO,NI33D,"LI15M,NI33D",f3bbf8bc80ea8e59,2000,True,1.0362214982077766,cf4e6da216ede7f8;6fa9171d1e194f97
charge,1CHO,NI33D,"LI15M,NI33D",f3bbf8bc80ea8e59,4000,True,1.1666575442088387,cf4e6da216ede7f8;6fa9171d1e194f97
charge,1CHO,NI33D,"NI33D,SI48N",a3775990a0a3fc1c,1000,True,-0.017266285731125208,243629a5c4a94a09;bf8f1443d1f8a3ee
charge,1CHO,NI33D,"NI33D,SI48N",a3775990a0a3fc1c,2000,True,-0.031184592678187073,243629a5c4a94a09;bf8f1443d1f8a3ee
charge,1CHO,NI33D,"NI33D,SI48N",a3775990a0a3fc1c,4000,True,-0.6084427419399958,243629a5c4a94a09;bf8f1443d1f8a3ee
charge,1CHO,NI33D,WT,7b505e405d9cfe00,1000,True,0.9441758305640633,9baf57d927d338c7;da5fa647c8a764f9
charge,1CHO,NI33D,WT,7b505e405d9cfe00,2000,True,0.07380713087023594,9baf57d927d338c7;da5fa647c8a764f9
charge,1CHO,NI33D,WT,7b505e405d9cfe00,4000,True,-0.44249395304531447,9baf57d927d338c7;da5fa647c8a764f9
charge,1CHO,"NI33D,SI48N","LI15M,NI33D,SI48N",bbb2f40e74158cf0,1000,True,0.30745810476956237,75220a28e44f5978;a2804a44a6589c04
charge,1CHO,"NI33D,SI48N","LI15M,NI33D,SI48N",bbb2f40e74158cf0,2000,True,0.6339254672681918,75220a28e44f5978;a2804a44a6589c04
charge,1CHO,"NI33D,SI48N","LI15M,NI33D,SI48N",bbb2f40e74158cf0,4000,True,1.0954749986464165,75220a28e44f5978;a2804a44a6589c04
charge,1CHO,"NI33D,SI48N",SI48N,25f9c2a2d3a0173c,1000,True,2.3264152568361993,c3ec3bf07d83e5d0;556ad957348f4a37
charge,1CHO,"NI33D,SI48N",SI48N,25f9c2a2d3a0173c,2000,True,1.6526899050468558,c3ec3bf07d83e5d0;556ad957348f4a37
charge,1CHO,"NI33D,SI48N",SI48N,25f9c2a2d3a0173c,4000,True,2.5016995732890592,c3ec3bf07d83e5d0;556ad957348f4a37
charge,1CHO,SI48N,"NI33D,SI48N",dbdd5b2f17a23452,1000,True,-0.34134746265566207,9a3a0d5d6b89d9cd;d35d0a1ac2225882
charge,1CHO,SI48N,"NI33D,SI48N",dbdd5b2f17a23452,2000,True,0.6586950047384903,9a3a0d5d6b89d9cd;d35d0a1ac2225882
charge,1CHO,SI48N,"NI33D,SI48N",dbdd5b2f17a23452,4000,True,1.2045660110500904,9a3a0d5d6b89d9cd;d35d0a1ac2225882
charge,1CHO,WT,LI15M,d76b3e9bc2fa883a,1000,True,1.1379210987457213,faea5b3154b000c5;3756d608ce381094
charge,1CHO,WT,LI15M,d76b3e9bc2fa883a,2000,True,1.5838703427288578,faea5b3154b000c5;3756d608ce381094
charge,1CHO,WT,LI15M,d76b3e9bc2fa883a,4000,True,1.130704526869831,faea5b3154b000c5;3756d608ce381094
charge,1CHO,WT,NI33D,8e02f88f0d80493e,1000,True,1.59053916396347,9c775fe334bf7ecf;f9bccb219ac6e894
charge,1CHO,WT,NI33D,8e02f88f0d80493e,2000,True,2.1966428372446245,9c775fe334bf7ecf;f9bccb219ac6e894
charge,1CHO,WT,NI33D,8e02f88f0d80493e,4000,True,1.15426069706416,9c775fe334bf7ecf;f9bccb219ac6e894
charge,1CHO,WT,SI48N,94404d9988298a86,1000,True,-0.37698214028662846,7597f7d84efc232e;a32fa2f597841d08
charge,1CHO,WT,SI48N,94404d9988298a86,2000,True,-0.04143036863254679,7597f7d84efc232e;a32fa2f597841d08
charge,1CHO,WT,SI48N,94404d9988298a86,4000,True,0.2575177945718963,7597f7d84efc232e;a32fa2f597841d08
charge,1MLC,"NA92A,TB58D","NA92A,SB57V,TB58D",5856c152886ad666,1000,True,-0.18210286059126268,4a5315a1befeaa87;de83a8bef3ddfdce
charge,1MLC,"NA92A,TB58D","NA92A,SB57V,TB58D",5856c152886ad666,2000,True,-0.828315476049724,4a5315a1befeaa87;de83a8bef3ddfdce
charge,1MLC,"NA92A,TB58D","NA92A,SB57V,TB58D",5856c152886ad666,4000,True,-0.5414867661798564,4a5315a1befeaa87;de83a8bef3ddfdce
charge,1MLC,SB57V,"SB57V,TB58D",fb5c35da8426e0e2,1000,True,-0.49653162983551624,f9302aa63a15e732;0e1f9628b9301a1c
charge,1MLC,SB57V,"SB57V,TB58D",fb5c35da8426e0e2,2000,True,-0.4974810282801343,f9302aa63a15e732;0e1f9628b9301a1c
charge,1MLC,SB57V,"SB57V,TB58D",fb5c35da8426e0e2,4000,True,-0.35327442969878575,f9302aa63a15e732;0e1f9628b9301a1c
charge,1MLC,"SB57V,TB58D","NA92A,SB57V,TB58D",ec89c4ddfb136754,1000,True,-0.4666855703984112,b22296833f2eb7e9;023f3f8b8f8f8c0e
charge,1MLC,"SB57V,TB58D","NA92A,SB57V,TB58D",ec89c4ddfb136754,2000,True,0.4945548888401987,b22296833f2eb7e9;023f3f8b8f8f8c0e
charge,1MLC,"SB57V,TB58D","NA92A,SB57V,TB58D",ec89c4ddfb136754,4000,True,-0.23158179560590497,b22296833f2eb7e9;023f3f8b8f8f8c0e
charge,1MLC,"SB57V,TB58D",SB57V,6044097f9a144005,1000,True,1.1082059446464037,e1d729c24c0f3f0e;5e537d334c025649
charge,1MLC,"SB57V,TB58D",SB57V,6044097f9a144005,2000,True,1.221694666361362,e1d729c24c0f3f0e;5e537d334c025649
charge,1MLC,"SB57V,TB58D",SB57V,6044097f9a144005,4000,True,1.0126189195487996,e1d729c24c0f3f0e;5e537d334c025649
charge,1MLC,TB58D,"NA92A,TB58D",d5c47f15d9d71806,1000,True,-0.7723690594531263,d930ced9b893be52;1bd9ccc663d200be
charge,1MLC,TB58D,"NA92A,TB58D",d5c47f15d9d71806,2000,True,-0.7818282353461115,d930ced9b893be52;1bd9ccc663d200be
charge,1MLC,TB58D,"NA92A,TB58D",d5c47f15d9d71806,4000,True,0.2409656880519151,d930ced9b893be52;1bd9ccc663d200be
charge,1MLC,TB58D,"SB57V,TB58D",7aab20f03e043511,1000,True,-0.7255999327857872,47f81f7614a621d0;df5ac58760d19b20
charge,1MLC,TB58D,"SB57V,TB58D",7aab20f03e043511,2000,True,-0.1582459987174758,47f81f7614a621d0;df5ac58760d19b20
charge,1MLC,TB58D,"SB57V,TB58D",7aab20f03e043511,4000,True,-0.8379031479228658,47f81f7614a621d0;df5ac58760d19b20
charge,1MLC,TB58D,WT,c5291921ff1c2c36,1000,True,1.0310764387089968,01037c0191efc827;89005d539d40d85d
charge,1MLC,TB58D,WT,c5291921ff1c2c36,2000,True,0.7543011710541734,01037c0191efc827;89005d539d40d85d
charge,1MLC,TB58D,WT,c5291921ff1c2c36,4000,True,1.2166906901321077,01037c0191efc827;89005d539d40d85d
charge,1MLC,WT,NA92A,be3cd254cb23eef5,1000,True,0.38366242175222,88c9baa2690f8c3b;9d39cc959010efe5
charge,1MLC,WT,NA92A,be3cd254cb23eef5,2000,True,0.45818000230997313,88c9baa2690f8c3b;9d39cc959010efe5
charge,1MLC,WT,NA92A,be3cd254cb23eef5,4000,True,0.7739271865476525,88c9baa2690f8c3b;9d39cc959010efe5
charge,1MLC,WT,SB57V,3b876cfb8ec52262,1000,True,-0.7606090817605331,870d8ee1e8ba038f;ec671c8e84dc1fe6
charge,1MLC,WT,SB57V,3b876cfb8ec52262,2000,True,-0.9433644343428593,870d8ee1e8ba038f;ec671c8e84dc1fe6
charge,1MLC,WT,SB57V,3b876cfb8ec52262,4000,True,-0.7988306061112986,870d8ee1e8ba038f;ec671c8e84dc1fe6
charge,1MLC,WT,TB58D,8357a8b45a3ef82c,1000,True,-6.799319820045724,1cd58bc4f2b04784;7f73029d325c4d77
charge,1MLC,WT,TB58D,8357a8b45a3ef82c,2000,True,-5.981309159929083,1cd58bc4f2b04784;7f73029d325c4d77
charge,1MLC,WT,TB58D,8357a8b45a3ef82c,4000,True,-5.6577454442959265,1cd58bc4f2b04784;7f73029d325c4d77
charge,1PPF,"LI18M,NI36D","LI18M,NI36D,SI51N",ea6cbf2ad4094ac1,1000,True,-0.987062453257721,99f7294596cfe81c;23c9d38e71f6a943
charge,1PPF,"LI18M,NI36D","LI18M,NI36D,SI51N",ea6cbf2ad4094ac1,2000,True,-0.04081893459300545,99f7294596cfe81c;23c9d38e71f6a943
charge,1PPF,"LI18M,NI36D","LI18M,NI36D,SI51N",ea6cbf2ad4094ac1,4000,True,-0.6286676664356889,99f7294596cfe81c;23c9d38e71f6a943
charge,1PPF,NI36D,"LI18M,NI36D",6c4d61c8a20ae5fd,1000,True,1.3640630789320092,788a6d9f52020930;72534c6f9f01e1d0
charge,1PPF,NI36D,"LI18M,NI36D",6c4d61c8a20ae5fd,2000,True,1.5512455702050474,788a6d9f52020930;72534c6f9f01e1d0
charge,1PPF,NI36D,"LI18M,NI36D",6c4d61c8a20ae5fd,4000,True,-1.3886804136016835,788a6d9f52020930;72534c6f9f01e1d0
charge,1PPF,NI36D,"NI36D,SI51N",38178151c6c9d67e,1000,True,0.31841240797534454,00d931af01043cb4;456ab1d1410ec4dc
charge,1PPF,NI36D,"NI36D,SI51N",38178151c6c9d67e,2000,True,-0.9820687244922226,00d931af01043cb4;456ab1d1410ec4dc
charge,1PPF,NI36D,"NI36D,SI51N",38178151c6c9d67e,4000,True,0.10040350202601189,00d931af01043cb4;456ab1d1410ec4dc
charge,1PPF,NI36D,WT,9250ffecee8aa94b,1000,True,6.223670468346825,cc122f0169a605dd;b74651e6830e9b83
charge,1PPF,NI36D,WT,9250ffecee8aa94b,2000,True,5.706003864531837,cc122f0169a605dd;b74651e6830e9b83
charge,1PPF,NI36D,WT,9250ffecee8aa94b,4000,True,4.7521771836571105,cc122f0169a605dd;b74651e6830e9b83
charge,1PPF,"NI36D,SI51N","LI18M,NI36D,SI51N",5f5b37a7f7da53da,1000,True,0.7789209274908053,674eba83f5ddf819;b55714fde568b0e1
charge,1PPF,"NI36D,SI51N","LI18M,NI36D,SI51N",5f5b37a7f7da53da,2000,True,0.9247624044277529,674eba83f5ddf819;b55714fde568b0e1
charge,1PPF,"NI36D,SI51N","LI18M,NI36D,SI51N",5f5b37a7f7da53da,4000,True,0.7765502058549281,674eba83f5ddf819;b55714fde568b0e1
charge,1PPF,"NI36D,SI51N",SI51N,279d0db30a082d53,1000,True,1.0943358550603222,250c9b9e0983d5e5;1e1515816d2db892
charge,1PPF,"NI36D,SI51N",SI51N,279d0db30a082d53,2000,True,1.25044419246791,250c9b9e0983d5e5;1e1515816d2db892
charge,1PPF,"NI36D,SI51N",SI51N,279d0db30a082d53,4000,True,0.9393048049411448,250c9b9e0983d5e5;1e1515816d2db892
charge,1PPF,SI51N,"NI36D,SI51N",b4c4cc4dd161e7a0,1000,True,-1.7269644490801142,14ec082b83e8ab88;8d7920a2a211d823
charge,1PPF,SI51N,"NI36D,SI51N",b4c4cc4dd161e7a0,2000,True,-0.9550156316014693,14ec082b83e8ab88;8d7920a2a211d823
charge,1PPF,SI51N,"NI36D,SI51N",b4c4cc4dd161e7a0,4000,True,-0.9607807554630767,14ec082b83e8ab88;8d7920a2a211d823
charge,1PPF,WT,LI18M,87a698d931e69181,1000,True,0.9258163074464854,d80a6edb50110223;8861d61c74bacc60
charge,1PPF,WT,LI18M,87a698d931e69181,2000,True,0.4793424797164185,d80a6edb50110223;8861d61c74bacc60
charge,1PPF,WT,LI18M,87a698d931e69181,4000,True,0.3589579198928412,d80a6edb50110223;8861d61c74bacc60
charge,1PPF,WT,NI36D,7a6ab62e6ed468c9,1000,True,-1.1548431211793826,2a6253771c3d86bc;42157c593375390a
charge,1PPF,WT,NI36D,7a6ab62e6ed468c9,2000,True,-0.8322030617051297,2a6253771c3d86bc;42157c593375390a
charge,1PPF,WT,NI36D,7a6ab62e6ed468c9,4000,True,-1.4645251140143074,2a6253771c3d86bc;42157c593375390a
charge,1PPF,WT,SI51N,6ed5ee30df7a41d2,1000,True,1.0409073975587688,0b3d808e7eea5f88;c77ac5f4b26f0900
charge,1PPF,WT,SI51N,6ed5ee30df7a41d2,2000,True,0.35181768132132163,0b3d808e7eea5f88;c77ac5f4b26f0900
charge,1PPF,WT,SI51N,6ed5ee30df7a41d2,4000,True,-0.9656279932247145,0b3d808e7eea5f88;c77ac5f4b26f0900
charge,1R0R,"LI13M,NI31D","LI13M,NI31D,SI46N",f834978898621e27,1000,True,-0.7457311787499776,1e4f1e76442c95d0;3028fadfbd2bcad1
charge,1R0R,"LI13M,NI31D","LI13M,NI31D,SI46N",f834978898621e27,2000,True,-0.5807102081452769,1e4f1e76442c95d0;3028fadfbd2bcad1
charge,1R0R,"LI13M,NI31D","LI13M,NI31D,SI46N",f834978898621e27,4000,True,0.05453943100893355,1e4f1e76442c95d0;3028fadfbd2bcad1
charge,1R0R,NI31D,"LI13M,NI31D",4eb05ae4494e5aaf,1000,True,1.7605768331894787,e78975eb24dd6151;ce2b24dd5929f31d
charge,1R0R,NI31D,"LI13M,NI31D",4eb05ae4494e5aaf,2000,True,1.6074577218965764,e78975eb24dd6151;ce2b24dd5929f31d
charge,1R0R,NI31D,"LI13M,NI31D",4eb05ae4494e5aaf,4000,True,1.6173668911683237,e78975eb24dd6151;ce2b24dd5929f31d
charge,1R0R,NI31D,"NI31D,SI46N",e199b0761c1e88a7,1000,True,-0.20838682043547863,491295b8b12d1120;d60083030cf85579
charge,1R0R,NI31D,"NI31D,SI46N",e199b0761c1e88a7,2000,True,-0.13983816363068513,491295b8b12d1120;d60083030cf85579
charge,1R0R,NI31D,"NI31D,SI46N",e199b0761c1e88a7,4000,True,-0.46448687657155574,491295b8b12d1120;d60083030cf85579
charge,1R0R,NI31D,WT,d58c263c60122df3,1000,True,-0.09666057297521036,3ea258c024d3e3ed;a89ddbcc428a779c
charge,1R0R,NI31D,WT,d58c263c60122df3,2000,True,0.1968057759388131,3ea258c024d3e3ed;a89ddbcc428a779c
charge,1R0R,NI31D,WT,d58c263c60122df3,4000,True,-0.11197575536044724,3ea258c024d3e3ed;a89ddbcc428a779c
charge,1R0R,"NI31D,SI46N","LI13M,NI31D,SI46N",61e662e490548d98,1000,True,1.7336956027539792,aae39fa6cc823755;160536b5de9ee1f7
charge,1R0R,"NI31D,SI46N","LI13M,NI31D,SI46N",61e662e490548d98,2000,True,1.8770208206222385,aae39fa6cc823755;160536b5de9ee1f7
charge,1R0R,"NI31D,SI46N","LI13M,NI31D,SI46N",61e662e490548d98,4000,True,1.5740846279696896,aae39fa6cc823755;160536b5de9ee1f7
charge,1R0R,"NI31D,SI46N",SI46N,021ce702e2fb2ff9,1000,True,-0.615686780809142,8ee4817d398b342e;d8bcef4cc7228e5d
charge,1R0R,"NI31D,SI46N",SI46N,021ce702e2fb2ff9,2000,True,-0.30157447200328136,8ee4817d398b342e;d8bcef4cc7228e5d
charge,1R0R,"NI31D,SI46N",SI46N,021ce702e2fb2ff9,4000,True,0.4682853879232738,8ee4817d398b342e;d8bcef4cc7228e5d
charge,1R0R,SI46N,"NI31D,SI46N",8b43024e618da40a,1000,True,1.12065640292397,680fb833b497cb99;c535671592cb87de
charge,1R0R,SI46N,"NI31D,SI46N",8b43024e618da40a,2000,True,0.944032000291628,680fb833b497cb99;c535671592cb87de
charge,1R0R,SI46N,"NI31D,SI46N",8b43024e618da40a,4000,True,1.5784813035679406,680fb833b497cb99;c535671592cb87de
charge,1R0R,WT,LI13M,7db0702feeca9c55,1000,True,0.6462360973729453,2b5e13cb915f1ba8;decec244b74b8d72
charge,1R0R,WT,LI13M,7db0702feeca9c55,2000,True,0.5431778238453617,2b5e13cb915f1ba8;decec244b74b8d72
charge,1R0R,WT,LI13M,7db0702feeca9c55,4000,True,0.5485556196782859,2b5e13cb915f1ba8;decec244b74b8d72
charge,1R0R,WT,NI31D,2449b405f4f1b9fd,1000,True,-0.14176179805744482,f257721a3b843d7b;7f853578e5057f39
charge,1R0R,WT,NI31D,2449b405f4f1b9fd,2000,True,-1.4965503545733014,f257721a3b843d7b;7f853578e5057f39
charge,1R0R,WT,NI31D,2449b405f4f1b9fd,4000,True,-0.7301061260055093,f257721a3b843d7b;7f853578e5057f39
charge,1R0R,WT,SI46N,99389b68e677fddf,1000,True,-0.2686226435156982,18356b210d1ba0e3;0f093e5504d5a03b
charge,1R0R,WT,SI46N,99389b68e677fddf,2000,True,-0.7392019577098807,18356b210d1ba0e3;0f093e5504d5a03b
charge,1R0R,WT,SI46N,99389b68e677fddf,4000,True,0.22240900920709805,18356b210d1ba0e3;0f093e5504d5a03b
