leg_id,system,mode,cutoff_ps,t_start_ps,t_end_ps,production_origin_ps,production_elapsed_ns,nrep,dG_kcal,dG_err_kcal,replica_ns_elapsed,replica_ns_nominal,source_csv,source_log
37f020f5864368f8,1AO7,complex,1000,550.0,1000.0,100,0.9,32,-1.13715474126066,0.1822440047017119,28.8,32.0,source_data/budget/legs/37f020f5864368f8/bar_time_series.csv,source_data/budget/legs/37f020f5864368f8/bar1.log
37f020f5864368f8,1AO7,complex,2000,1050.0,2000.0,100,1.9,32,-2.1276870768737,0.1401000161222602,60.8,64.0,source_data/budget/legs/37f020f5864368f8/bar_time_series.csv,source_data/budget/legs/37f020f5864368f8/bar1.log
37f020f5864368f8,1AO7,complex,4000,2050.0,4000.0,100,3.9,32,-2.550908458104716,0.1133943405084004,124.8,128.0,source_data/budget/legs/37f020f5864368f8/bar_time_series.csv,source_data/budget/legs/37f020f5864368f8/bar1.log
c9c83c2d5ed181b9,1AO7,partner2,1000,550.0,1000.0,100,0.9,32,0.804949525911742,0.2382834871154347,28.8,32.0,source_data/budget/legs/c9c83c2d5ed181b9/bar_time_series.csv,source_data/budget/legs/c9c83c2d5ed181b9/bar1.log
c9c83c2d5ed181b9,1AO7,partner2,2000,1050.0,2000.0,100,1.9,32,0.0807503134575481,0.3865659438518207,60.8,64.0,source_data/budget/legs/c9c83c2d5ed181b9/bar_time_series.csv,source_data/budget/legs/c9c83c2d5ed181b9/bar1.log
c9c83c2d5ed181b9,1AO7,partner2,4000,2050.0,4000.0,100,3.9,32,-0.3264117386711403,0.2276742472995186,124.8,128.0,source_data/budget/legs/c9c83c2d5ed181b9/bar_time_series.csv,source_data/budget/legs/c9c83c2d5ed181b9/bar1.log
8210d637ccf63e55,1AO7,complex,1000,550.0,1000.0,100,0.9,32,-3.215360998622406,0.1348178873483938,28.8,32.0,source_data/budget/legs/8210d637ccf63e55/bar_time_series.csv,source_data/budget/legs/8210d637ccf63e55/bar1.log
8210d637ccf63e55,1AO7,complex,2000,1050.0,2000.0,100,1.9,32,-3.734325188324823,0.0884904943987298,60.8,64.0,source_data/budget/legs/8210d637ccf63e55/bar_time_series.csv,source_data/budget/legs/8210d637ccf63e55/bar1.log
8210d637ccf63e55,1AO7,complex,4000,2050.0,4000.0,100,3.9,32,-3.762736177088053,0.0995494289910608,124.8,128.0,source_data/budget/legs/8210d637ccf63e55/bar_time_series.csv,source_data/budget/legs/8210d637ccf63e55/bar1.log
bbac61e4da74611e,1AO7,partner2,1000,550.0,1000.0,100,0.9,32,-3.3981971168157323,0.2607308017006914,28.8,32.0,source_data/budget/legs/bbac61e4da74611e/bar_time_series.csv,source_data/budget/legs/bbac61e4da74611e/bar1.log
bbac61e4da74611e,1AO7,partner2,2000,1050.0,2000.0,100,1.9,32,-3.386884649849038,0.1244229719944803,60.8,64.0,source_data/budget/legs/bbac61e4da74611e/bar_time_series.csv,source_data/budget/legs/bbac61e4da74611e/bar1.log
bbac61e4da74611e,1AO7,partner2,4000,2050.0,4000.0,100,3.9,32,-3.3479236932944643,0.1360628696247883,124.8,128.0,source_data/budget/legs/bbac61e4da74611e/bar_time_series.csv,source_data/budget/legs/bbac61e4da74611e/bar1.log
784bdfaa1e637635,1AO7,complex,1000,550.0,1000.0,100,0.9,64,24.845654623225744,0.2509211751145193,57.6,64.0,source_data/budget/legs/784bdfaa1e637635/bar_time_series.csv,source_data/budget/legs/784bdfaa1e637635/bar1.log
784bdfaa1e637635,1AO7,complex,2000,1050.0,2000.0,100,1.9,64,25.43466661622626,0.2061025807787161,121.6,128.0,source_data/budget/legs/784bdfaa1e637635/bar_time_series.csv,source_data/budget/legs/784bdfaa1e637635/bar1.log
784bdfaa1e637635,1AO7,complex,4000,2050.0,4000.0,100,3.9,64,24.84805149547595,0.1871383799220458,249.6,256.0,source_data/budget/legs/784bdfaa1e637635/bar_time_series.csv,source_data/budget/legs/784bdfaa1e637635/bar1.log
ed7e563f83905c1d,1AO7,partner2,1000,550.0,1000.0,100,0.9,64,24.77854064695192,0.2391144641214356,57.6,64.0,source_data/budget/legs/ed7e563f83905c1d/bar_time_series.csv,source_data/budget/legs/ed7e563f83905c1d/bar1.log
ed7e563f83905c1d,1AO7,partner2,2000,1050.0,2000.0,100,1.9,64,25.02545262217693,0.1536450870437293,121.6,128.0,source_data/budget/legs/ed7e563f83905c1d/bar_time_series.csv,source_data/budget/legs/ed7e563f83905c1d/bar1.log
ed7e563f83905c1d,1AO7,partner2,4000,2050.0,4000.0,100,3.9,64,26.2450082030204,0.2415142013049544,249.6,256.0,source_data/budget/legs/ed7e563f83905c1d/bar_time_series.csv,source_data/budget/legs/ed7e563f83905c1d/bar1.log
904a232c5dc4a911,1AO7,complex,1000,550.0,1000.0,100,0.9,32,-3.099421252373467,0.2076439402526832,28.8,32.0,source_data/budget/legs/904a232c5dc4a911/bar_time_series.csv,source_data/budget/legs/904a232c5dc4a911/bar1.log
904a232c5dc4a911,1AO7,complex,2000,1050.0,2000.0,100,1.9,32,-2.973349273243822,0.1453073802019951,60.8,64.0,source_data/budget/legs/904a232c5dc4a911/bar_time_series.csv,source_data/budget/legs/904a232c5dc4a911/bar1.log
904a232c5dc4a911,1AO7,complex,4000,2050.0,4000.0,100,3.9,32,-3.1603953985101176,0.1255538164994164,124.8,128.0,source_data/budget/legs/904a232c5dc4a911/bar_time_series.csv,source_data/budget/legs/904a232c5dc4a911/bar1.log
7760f9236ae965ef,1AO7,partner2,1000,550.0,1000.0,100,0.9,32,-3.047043906261103,0.1026928718670999,28.8,32.0,source_data/budget/legs/7760f9236ae965ef/bar_time_series.csv,source_data/budget/legs/7760f9236ae965ef/bar1.log
7760f9236ae965ef,1AO7,partner2,2000,1050.0,2000.0,100,1.9,32,-2.931368626747809,0.1673670507171167,60.8,64.0,source_data/budget/legs/7760f9236ae965ef/bar_time_series.csv,source_data/budget/legs/7760f9236ae965ef/bar1.log
7760f9236ae965ef,1AO7,partner2,4000,2050.0,4000.0,100,3.9,32,-2.95844562661701,0.1069198130357049,124.8,128.0,source_data/budget/legs/7760f9236ae965ef/bar_time_series.csv,source_data/budget/legs/7760f9236ae965ef/bar1.log
a9033d4c3b8e6bbc,1AO7,complex,1000,550.0,1000.0,100,0.9,32,-2.245749185329523,0.2086389478896005,28.8,32.0,source_data/budget/legs/a9033d4c3b8e6bbc/bar_time_series.csv,source_data/budget/legs/a9033d4c3b8e6bbc/bar1.log
a9033d4c3b8e6bbc,1AO7,complex,2000,1050.0,2000.0,100,1.9,32,-1.6293698825303298,0.1465186368834235,60.8,64.0,source_data/budget/legs/a9033d4c3b8e6bbc/bar_time_series.csv,source_data/budget/legs/a9033d4c3b8e6bbc/bar1.log
a9033d4c3b8e6bbc,1AO7,complex,4000,2050.0,4000.0,100,3.9,32,-2.199959792967681,0.1494051612152557,124.8,128.0,source_data/budget/legs/a9033d4c3b8e6bbc/bar_time_series.csv,source_data/budget/legs/a9033d4c3b8e6bbc/bar1.log
534dcad3471c5b47,1AO7,partner2,1000,550.0,1000.0,100,0.9,32,1.3163677738076072,0.3233178560461052,28.8,32.0,source_data/budget/legs/534dcad3471c5b47/bar_time_series.csv,source_data/budget/legs/534dcad3471c5b47/bar1.log
534dcad3471c5b47,1AO7,partner2,2000,1050.0,2000.0,100,1.9,32,0.5926787771881961,0.3438293414879692,60.8,64.0,source_data/budget/legs/534dcad3471c5b47/bar_time_series.csv,source_data/budget/legs/534dcad3471c5b47/bar1.log
534dcad3471c5b47,1AO7,partner2,4000,2050.0,4000.0,100,3.9,32,-0.4995857281502506,0.1741973476218534,124.8,128.0,source_data/budget/legs/534dcad3471c5b47/bar_time_series.csv,source_data/budget/legs/534dcad3471c5b47/bar1.log
3cfba3275dba5d2e,1AO7,complex,1000,550.0,1000.0,100,0.9,64,-189.89726927635164,0.2946800468155331,57.6,64.0,source_data/budget/legs/3cfba3275dba5d2e/bar_time_series.csv,source_data/budget/legs/3cfba3275dba5d2e/bar1.log
3cfba3275dba5d2e,1AO7,complex,2000,1050.0,2000.0,100,1.9,64,-189.62120276974636,0.1472067845255782,121.6,128.0,source_data/budget/legs/3cfba3275dba5d2e/bar_time_series.csv,source_data/budget/legs/3cfba3275dba5d2e/bar1.log
3cfba3275dba5d2e,1AO7,complex,4000,2050.0,4000.0,100,3.9,64,-189.82376650331537,0.1843106746572905,249.6,256.0,source_data/budget/legs/3cfba3275dba5d2e/bar_time_series.csv,source_data/budget/legs/3cfba3275dba5d2e/bar1.log
ee89cba8a8ef28ea,1AO7,partner2,1000,550.0,1000.0,100,0.9,64,-189.96489354019624,0.1590883144666569,57.6,64.0,source_data/budget/legs/ee89cba8a8ef28ea/bar_time_series.csv,source_data/budget/legs/ee89cba8a8ef28ea/bar1.log
ee89cba8a8ef28ea,1AO7,partner2,2000,1050.0,2000.0,100,1.9,64,-190.3934059215836,0.0890865294603572,121.6,128.0,source_data/budget/legs/ee89cba8a8ef28ea/bar_time_series.csv,source_data/budget/legs/ee89cba8a8ef28ea/bar1.log
ee89cba8a8ef28ea,1AO7,partner2,4000,2050.0,4000.0,100,3.9,64,-190.78361501147276,0.110320429163963,249.6,256.0,source_data/budget/legs/ee89cba8a8ef28ea/bar_time_series.csv,source_data/budget/legs/ee89cba8a8ef28ea/bar1.log
fbc4381e90dfb74a,1AO7,complex,1000,550.0,1000.0,100,0.9,32,8.169159460970404,0.1651447663937829,28.8,32.0,source_data/budget/legs/fbc4381e90dfb74a/bar_time_series.csv,source_data/budget/legs/fbc4381e90dfb74a/bar1.log
fbc4381e90dfb74a,1AO7,complex,2000,1050.0,2000.0,100,1.9,32,8.18347797530079,0.0699385403233631,60.8,64.0,source_data/budget/legs/fbc4381e90dfb74a/bar_time_series.csv,source_data/budget/legs/fbc4381e90dfb74a/bar1.log
fbc4381e90dfb74a,1AO7,complex,4000,2050.0,4000.0,100,3.9,32,8.04516053488516,0.0930580844684708,124.8,128.0,source_data/budget/legs/fbc4381e90dfb74a/bar_time_series.csv,source_data/budget/legs/fbc4381e90dfb74a/bar1.log
cbae76b7dc4b2418,1AO7,partner2,1000,550.0,1000.0,100,0.9,32,11.13876119016076,0.5932079909766256,28.8,32.0,source_data/budget/legs/cbae76b7dc4b2418/bar_time_series.csv,source_data/budget/legs/cbae76b7dc4b2418/bar1.log
cbae76b7dc4b2418,1AO7,partner2,2000,1050.0,2000.0,100,1.9,32,11.122506828111144,0.2475399105393411,60.8,64.0,source_data/budget/legs/cbae76b7dc4b2418/bar_time_series.csv,source_data/budget/legs/cbae76b7dc4b2418/bar1.log
cbae76b7dc4b2418,1AO7,partner2,4000,2050.0,4000.0,100,3.9,32,9.47895882662348,0.5144705330878597,124.8,128.0,source_data/budget/legs/cbae76b7dc4b2418/bar_time_series.csv,source_data/budget/legs/cbae76b7dc4b2418/bar1.log
d415a4b107d76e1d,1AO7,complex,1000,550.0,1000.0,100,0.9,64,-188.3713037467413,0.2205143122247806,57.6,64.0,source_data/budget/legs/d415a4b107d76e1d/bar_time_series.csv,source_data/budget/legs/d415a4b107d76e1d/bar1.log
d415a4b107d76e1d,1AO7,complex,2000,1050.0,2000.0,100,1.9,64,-189.33767470959208,0.1967613568391802,121.6,128.0,source_data/budget/legs/d415a4b107d76e1d/bar_time_series.csv,source_data/budget/legs/d415a4b107d76e1d/bar1.log
d415a4b107d76e1d,1AO7,complex,4000,2050.0,4000.0,100,3.9,64,-189.34259862262476,0.3023038864153983,249.6,256.0,source_data/budget/legs/d415a4b107d76e1d/bar_time_series.csv,source_data/budget/legs/d415a4b107d76e1d/bar1.log
c55ee0475b2b6630,1AO7,partner2,1000,550.0,1000.0,100,0.9,64,-191.13238594914384,0.3008671709060129,57.6,64.0,source_data/budget/legs/c55ee0475b2b6630/bar_time_series.csv,source_data/budget/legs/c55ee0475b2b6630/bar1.log
c55ee0475b2b6630,1AO7,partner2,2000,1050.0,2000.0,100,1.9,64,-191.07281426435583,0.1023905888104152,121.6,128.0,source_data/budget/legs/c55ee0475b2b6630/bar_time_series.csv,source_data/budget/legs/c55ee0475b2b6630/bar1.log
c55ee0475b2b6630,1AO7,partner2,4000,2050.0,4000.0,100,3.9,64,-191.05908922110052,0.1126503607794001,249.6,256.0,source_data/budget/legs/c55ee0475b2b6630/bar_time_series.csv,source_data/budget/legs/c55ee0475b2b6630/bar1.log
1bcb241a905ea69b,1AO7,complex,1000,550.0,1000.0,100,0.9,64,26.158105383145617,0.2163569418521964,57.6,64.0,source_data/budget/legs/1bcb241a905ea69b/bar_time_series.csv,source_data/budget/legs/1bcb241a905ea69b/bar1.log
1bcb241a905ea69b,1AO7,complex,2000,1050.0,2000.0,100,1.9,64,25.49955310259499,0.2299089220415518,121.6,128.0,source_data/budget/legs/1bcb241a905ea69b/bar_time_series.csv,source_data/budget/legs/1bcb241a905ea69b/bar1.log
1bcb241a905ea69b,1AO7,complex,4000,2050.0,4000.0,100,3.9,64,26.07196718814229,0.236238905325854,249.6,256.0,source_data/budget/legs/1bcb241a905ea69b/bar_time_series.csv,source_data/budget/legs/1bcb241a905ea69b/bar1.log
414333d35450c2d0,1AO7,partner2,1000,550.0,1000.0,100,0.9,64,25.60737125794389,0.2329042628010768,57.6,64.0,source_data/budget/legs/414333d35450c2d0/bar_time_series.csv,source_data/budget/legs/414333d35450c2d0/bar1.log
414333d35450c2d0,1AO7,partner2,2000,1050.0,2000.0,100,1.9,64,26.241797677486897,0.1837886580225417,121.6,128.0,source_data/budget/legs/414333d35450c2d0/bar_time_series.csv,source_data/budget/legs/414333d35450c2d0/bar1.log
414333d35450c2d0,1AO7,partner2,4000,2050.0,4000.0,100,3.9,64,25.687899938637923,0.1704747380393077,249.6,256.0,source_data/budget/legs/414333d35450c2d0/bar_time_series.csv,source_data/budget/legs/414333d35450c2d0/bar1.log
db22d02d2b28f559,1CHO,complex,1000,550.0,1000.0,100,0.9,32,-71.4285929185572,0.2617252263569443,28.8,32.0,source_data/budget/legs/db22d02d2b28f559/bar_time_series.csv,source_data/budget/legs/db22d02d2b28f559/bar1.log
db22d02d2b28f559,1CHO,complex,2000,1050.0,2000.0,100,1.9,32,-71.40385920025253,0.2136564256021137,60.8,64.0,source_data/budget/legs/db22d02d2b28f559/bar_time_series.csv,source_data/budget/legs/db22d02d2b28f559/bar1.log
db22d02d2b28f559,1CHO,complex,4000,2050.0,4000.0,100,3.9,32,-71.81507501064183,0.1224952807788677,124.8,128.0,source_data/budget/legs/db22d02d2b28f559/bar_time_series.csv,source_data/budget/legs/db22d02d2b28f559/bar1.log
0de5750c4d98c61b,1CHO,partner2,1000,550.0,1000.0,100,0.9,32,-71.78480345864756,0.2377665155243968,28.8,32.0,source_data/budget/legs/0de5750c4d98c61b/bar_time_series.csv,source_data/budget/legs/0de5750c4d98c61b/bar1.log
0de5750c4d98c61b,1CHO,partner2,2000,1050.0,2000.0,100,1.9,32,-72.29776324269235,0.1803560590976819,60.8,64.0,source_data/budget/legs/0de5750c4d98c61b/bar_time_series.csv,source_data/budget/legs/0de5750c4d98c61b/bar1.log
0de5750c4d98c61b,1CHO,partner2,4000,2050.0,4000.0,100,3.9,32,-71.60931728741645,0.1430907030805812,124.8,128.0,source_data/budget/legs/0de5750c4d98c61b/bar_time_series.csv,source_data/budget/legs/0de5750c4d98c61b/bar1.log
cf4e6da216ede7f8,1CHO,complex,1000,550.0,1000.0,100,0.9,32,19.175890728717533,0.3247785646592759,28.8,32.0,source_data/budget/legs/cf4e6da216ede7f8/bar_time_series.csv,source_data/budget/legs/cf4e6da216ede7f8/bar1.log
cf4e6da216ede7f8,1CHO,complex,2000,1050.0,2000.0,100,1.9,32,19.12980158521656,0.1748644730171396,60.8,64.0,source_data/budget/legs/cf4e6da216ede7f8/bar_time_series.csv,source_data/budget/legs/cf4e6da216ede7f8/bar1.log
cf4e6da216ede7f8,1CHO,complex,4000,2050.0,4000.0,100,3.9,32,19.184899364014967,0.1344555491000153,124.8,128.0,source_data/budget/legs/cf4e6da216ede7f8/bar_time_series.csv,source_data/budget/legs/cf4e6da216ede7f8/bar1.log
6fa9171d1e194f97,1CHO,partner2,1000,550.0,1000.0,100,0.9,32,17.997231615713904,0.1378648606548969,28.8,32.0,source_data/budget/legs/6fa9171d1e194f97/bar_time_series.csv,source_data/budget/legs/6fa9171d1e194f97/bar1.log
6fa9171d1e194f97,1CHO,partner2,2000,1050.0,2000.0,100,1.9,32,18.09358008700878,0.1376834146003965,60.8,64.0,source_data/budget/legs/6fa9171d1e194f97/bar_time_series.csv,source_data/budget/legs/6fa9171d1e194f97/bar1.log
6fa9171d1e194f97,1CHO,partner2,4000,2050.0,4000.0,100,3.9,32,18.01824181980613,0.1480382299011536,124.8,128.0,source_data/budget/legs/6fa9171d1e194f97/bar_time_series.csv,source_data/budget/legs/6fa9171d1e194f97/bar1.log
243629a5c4a94a09,1CHO,complex,1000,550.0,1000.0,100,0.9,32,-72.09587471551305,0.184470835063066,28.8,32.0,source_data/budget/legs/243629a5c4a94a09/bar_time_series.csv,source_data/budget/legs/243629a5c4a94a09/bar1.log
243629a5c4a94a09,1CHO,complex,2000,1050.0,2000.0,100,1.9,32,-71.99679628076538,0.1771894551911674,60.8,64.0,source_data/budget/legs/243629a5c4a94a09/bar_time_series.csv,source_data/budget/legs/243629a5c4a94a09/bar1.log
243629a5c4a94a09,1CHO,complex,4000,2050.0,4000.0,100,3.9,32,-72.07203422044572,0.1397414077655803,124.8,128.0,source_data/budget/legs/243629a5c4a94a09/bar_time_series.csv,source_data/budget/legs/243629a5c4a94a09/bar1.log
bf8f1443d1f8a3ee,1CHO,partner2,1000,550.0,1000.0,100,0.9,32,-72.07860842978192,0.2104930156885576,28.8,32.0,source_data/budget/legs/bf8f1443d1f8a3ee/bar_time_series.csv,source_data/budget/legs/bf8f1443d1f8a3ee/bar1.log
bf8f1443d1f8a3ee,1CHO,partner2,2000,1050.0,2000.0,100,1.9,32,-71.9656116880872,0.153097404455044,60.8,64.0,source_data/budget/legs/bf8f1443d1f8a3ee/bar_time_series.csv,source_data/budget/legs/bf8f1443d1f8a3ee/bar1.log
bf8f1443d1f8a3ee,1CHO,partner2,4000,2050.0,4000.0,100,3.9,32,-71.46359147850572,0.1626787423598766,124.8,128.0,source_data/budget/legs/bf8f1443d1f8a3ee/bar_time_series.csv,source_data/budget/legs/bf8f1443d1f8a3ee/bar1.log
9baf57d927d338c7,1CHO,complex,1000,550.0,1000.0,100,0.9,64,-83.19538317419054,0.2116153059949437,57.6,64.0,source_data/budget/legs/9baf57d927d338c7/bar_time_series.csv,source_data/budget/legs/9baf57d927d338c7/bar1.log
9baf57d927d338c7,1CHO,complex,2000,1050.0,2000.0,100,1.9,64,-84.03944323336026,0.1738981504835824,121.6,128.0,source_data/budget/legs/9baf57d927d338c7/bar_time_series.csv,source_data/budget/legs/9baf57d927d338c7/bar1.log
9baf57d927d338c7,1CHO,complex,4000,2050.0,4000.0,100,3.9,64,-84.83238651816222,0.1672418889252807,249.6,256.0,source_data/budget/legs/9baf57d927d338c7/bar_time_series.csv,source_data/budget/legs/9baf57d927d338c7/bar1.log
da5fa647c8a764f9,1CHO,partner2,1000,550.0,1000.0,100,0.9,64,-84.1395590047546,0.1764440259425069,57.6,64.0,source_data/budget/legs/da5fa647c8a764f9/bar_time_series.csv,source_data/budget/legs/da5fa647c8a764f9/bar1.log
da5fa647c8a764f9,1CHO,partner2,2000,1050.0,2000.0,100,1.9,64,-84.1132503642305,0.1435845460974538,121.6,128.0,source_data/budget/legs/da5fa647c8a764f9/bar_time_series.csv,source_data/budget/legs/da5fa647c8a764f9/bar1.log
da5fa647c8a764f9,1CHO,partner2,4000,2050.0,4000.0,100,3.9,64,-84.38989256511691,0.1065133778451706,249.6,256.0,source_data/budget/legs/da5fa647c8a764f9/bar_time_series.csv,source_data/budget/legs/da5fa647c8a764f9/bar1.log
75220a28e44f5978,1CHO,complex,1000,550.0,1000.0,100,0.9,32,17.908473420635957,0.3747581172828866,28.8,32.0,source_data/budget/legs/75220a28e44f5978/bar_time_series.csv,source_data/budget/legs/75220a28e44f5978/bar1.log
75220a28e44f5978,1CHO,complex,2000,1050.0,2000.0,100,1.9,32,18.660336291843397,0.2479023902550774,60.8,64.0,source_data/budget/legs/75220a28e44f5978/bar_time_series.csv,source_data/budget/legs/75220a28e44f5978/bar1.log
75220a28e44f5978,1CHO,complex,4000,2050.0,4000.0,100,3.9,32,18.538326737182796,0.1144947582895405,124.8,128.0,source_data/budget/legs/75220a28e44f5978/bar_time_series.csv,source_data/budget/legs/75220a28e44f5978/bar1.log
a2804a44a6589c04,1CHO,partner2,1000,550.0,1000.0,100,0.9,32,17.601015315866395,0.1312865926512486,28.8,32.0,source_data/budget/legs/a2804a44a6589c04/bar_time_series.csv,source_data/budget/legs/a2804a44a6589c04/bar1.log
a2804a44a6589c04,1CHO,partner2,2000,1050.0,2000.0,100,1.9,32,18.026410824575205,0.1655972302110182,60.8,64.0,source_data/budget/legs/a2804a44a6589c04/bar_time_series.csv,source_data/budget/legs/a2804a44a6589c04/bar1.log
a2804a44a6589c04,1CHO,partner2,4000,2050.0,4000.0,100,3.9,32,17.44285173853638,0.0591595488276077,124.8,128.0,source_data/budget/legs/a2804a44a6589c04/bar_time_series.csv,source_data/budget/legs/a2804a44a6589c04/bar1.log
c3ec3bf07d83e5d0,1CHO,complex,1000,550.0,1000.0,100,0.9,64,-82.92050083062398,0.2632860440920507,57.6,64.0,source_data/budget/legs/c3ec3bf07d83e5d0/bar_time_series.csv,source_data/budget/legs/c3ec3bf07d83e5d0/bar1.log
c3ec3bf07d83e5d0,1CHO,complex,2000,1050.0,2000.0,100,1.9,64,-82.99901394002413,0.1534532404005378,121.6,128.0,source_data/budget/legs/c3ec3bf07d83e5d0/bar_time_series.csv,source_data/budget/legs/c3ec3bf07d83e5d0/bar1.log
c3ec3bf07d83e5d0,1CHO,complex,4000,2050.0,4000.0,100,3.9,64,-82.24638316004322,0.1650061838730732,249.6,256.0,source_data/budget/legs/c3ec3bf07d83e5d0/bar_time_series.csv,source_data/budget/legs/c3ec3bf07d83e5d0/bar1.log
556ad957348f4a37,1CHO,partner2,1000,550.0,1000.0,100,0.9,64,-85.24691608746018,0.1243844047029405,57.6,64.0,source_data/budget/legs/556ad957348f4a37/bar_time_series.csv,source_data/budget/legs/556ad957348f4a37/bar1.log
556ad957348f4a37,1CHO,partner2,2000,1050.0,2000.0,100,1.9,64,-84.65170384507098,0.2246651716167036,121.6,128.0,source_data/budget/legs/556ad957348f4a37/bar_time_series.csv,source_data/budget/legs/556ad957348f4a37/bar1.log
556ad957348f4a37,1CHO,partner2,4000,2050.0,4000.0,100,3.9,64,-84.74808273333228,0.1480630777881953,249.6,256.0,source_data/budget/legs/556ad957348f4a37/bar_time_series.csv,source_data/budget/legs/556ad957348f4a37/bar1.log
9a3a0d5d6b89d9cd,1CHO,complex,1000,550.0,1000.0,100,0.9,64,-81.22515252220701,0.2048350132209526,57.6,64.0,source_data/budget/legs/9a3a0d5d6b89d9cd/bar_time_series.csv,source_data/budget/legs/9a3a0d5d6b89d9cd/bar1.log
9a3a0d5d6b89d9cd,1CHO,complex,2000,1050.0,2000.0,100,1.9,64,-80.68848402848934,0.2332268761877985,121.6,128.0,source_data/budget/legs/9a3a0d5d6b89d9cd/bar_time_series.csv,source_data/budget/legs/9a3a0d5d6b89d9cd/bar1.log
9a3a0d5d6b89d9cd,1CHO,complex,4000,2050.0,4000.0,100,3.9,64,-79.95587906890401,0.2166757657337114,249.6,256.0,source_data/budget/legs/9a3a0d5d6b89d9cd/bar_time_series.csv,source_data/budget/legs/9a3a0d5d6b89d9cd/bar1.log
d35d0a1ac2225882,1CHO,partner2,1000,550.0,1000.0,100,0.9,64,-80.88380505955135,0.1494054752145418,57.6,64.0,source_data/budget/legs/d35d0a1ac2225882/bar_time_series.csv,source_data/budget/legs/d35d0a1ac2225882/bar1.log
d35d0a1ac2225882,1CHO,partner2,2000,1050.0,2000.0,100,1.9,64,-81.34717903322783,0.2125270066466697,121.6,128.0,source_data/budget/legs/d35d0a1ac2225882/bar_time_series.csv,source_data/budget/legs/d35d0a1ac2225882/bar1.log
d35d0a1ac2225882,1CHO,partner2,4000,2050.0,4000.0,100,3.9,64,-81.1604450799541,0.1456539849538472,249.6,256.0,source_data/budget/legs/d35d0a1ac2225882/bar_time_series.csv,source_data/budget/legs/d35d0a1ac2225882/bar1.log
faea5b3154b000c5,1CHO,complex,1000,550.0,1000.0,100,0.9,32,18.88906445778945,0.301878512259633,28.8,32.0,source_data/budget/legs/faea5b3154b000c5/bar_time_series.csv,source_data/budget/legs/faea5b3154b000c5/bar1.log
faea5b3154b000c5,1CHO,complex,2000,1050.0,2000.0,100,1.9,32,19.38133745197947,0.195695725847294,60.8,64.0,source_data/budget/legs/faea5b3154b000c5/bar_time_series.csv,source_data/budget/legs/faea5b3154b000c5/bar1.log
faea5b3154b000c5,1CHO,complex,4000,2050.0,4000.0,100,3.9,32,18.960059803526185,0.2165381786911958,124.8,128.0,source_data/budget/legs/faea5b3154b000c5/bar_time_series.csv,source_data/budget/legs/faea5b3154b000c5/bar1.log
3756d608ce381094,1CHO,partner2,1000,550.0,1000.0,100,0.9,32,17.751143359043727,0.1830773306741374,28.8,32.0,source_data/budget/legs/3756d608ce381094/bar_time_series.csv,source_data/budget/legs/3756d608ce381094/bar1.log
3756d608ce381094,1CHO,partner2,2000,1050.0,2000.0,100,1.9,32,17.79746710925061,0.1712513929009333,60.8,64.0,source_data/budget/legs/3756d608ce381094/bar_time_series.csv,source_data/budget/legs/3756d608ce381094/bar1.log
3756d608ce381094,1CHO,partner2,4000,2050.0,4000.0,100,3.9,32,17.829355276656354,0.0988484577124442,124.8,128.0,source_data/budget/legs/3756d608ce381094/bar_time_series.csv,source_data/budget/legs/3756d608ce381094/bar1.log
9c775fe334bf7ecf,1CHO,complex,1000,550.0,1000.0,100,0.9,64,-78.65957234084603,0.3249454210215605,57.6,64.0,source_data/budget/legs/9c775fe334bf7ecf/bar_time_series.csv,source_data/budget/legs/9c775fe334bf7ecf/bar1.log
9c775fe334bf7ecf,1CHO,complex,2000,1050.0,2000.0,100,1.9,64,-78.0504456278505,0.3603707639875982,121.6,128.0,source_data/budget/legs/9c775fe334bf7ecf/bar_time_series.csv,source_data/budget/legs/9c775fe334bf7ecf/bar1.log
9c775fe334bf7ecf,1CHO,complex,4000,2050.0,4000.0,100,3.9,64,-79.45300238367125,0.2099406801201912,249.6,256.0,source_data/budget/legs/9c775fe334bf7ecf/bar_time_series.csv,source_data/budget/legs/9c775fe334bf7ecf/bar1.log
f9bccb219ac6e894,1CHO,partner2,1000,550.0,1000.0,100,0.9,64,-80.2501115048095,0.1860740026270968,57.6,64.0,source_data/budget/legs/f9bccb219ac6e894/bar_time_series.csv,source_data/budget/legs/f9bccb219ac6e894/bar1.log
f9bccb219ac6e894,1CHO,partner2,2000,1050.0,2000.0,100,1.9,64,-80.24708846509512,0.2079281159466045,121.6,128.0,source_data/budget/legs/f9bccb219ac6e894/bar_time_series.csv,source_data/budget/legs/f9bccb219ac6e894/bar1.log
f9bccb219ac6e894,1CHO,partner2,4000,2050.0,4000.0,100,3.9,64,-80.60726308073541,0.1709274679940835,249.6,256.0,source_data/budget/legs/f9bccb219ac6e894/bar_time_series.csv,source_data/budget/legs/f9bccb219ac6e894/bar1.log
7597f7d84efc232e,1CHO,complex,1000,550.0,1000.0,100,0.9,32,-71.489761570725,0.1943238370784903,28.8,32.0,source_data/budget/legs/7597f7d84efc232e/bar_time_series.csv,source_data/budget/legs/7597f7d84efc232e/bar1.log
7597f7d84efc232e,1CHO,complex,2000,1050.0,2000.0,100,1.9,32,-71.37732402395187,0.1797439318212937,60.8,64.0,source_data/budget/legs/7597f7d84efc232e/bar_time_series.csv,source_data/budget/legs/7597f7d84efc232e/bar1.log
7597f7d84efc232e,1CHO,complex,4000,2050.0,4000.0,100,3.9,32,-71.55094634507893,0.1223805642153516,124.8,128.0,source_data/budget/legs/7597f7d84efc232e/bar_time_series.csv,source_data/budget/legs/7597f7d84efc232e/bar1.log
a32fa2f597841d08,1CHO,partner2,1000,550.0,1000.0,100,0.9,32,-71.11277943043837,0.1977479710440537,28.8,32.0,source_data/budget/legs/a32fa2f597841d08/bar_time_series.csv,source_data/budget/legs/a32fa2f597841d08/bar1.log
a32fa2f597841d08,1CHO,partner2,2000,1050.0,2000.0,100,1.9,32,-71.33589365531932,0.1700074742633946,60.8,64.0,source_data/budget/legs/a32fa2f597841d08/bar_time_series.csv,source_data/budget/legs/a32fa2f597841d08/bar1.log
a32fa2f597841d08,1CHO,partner2,4000,2050.0,4000.0,100,3.9,32,-71.80846413965082,0.1500172936680394,124.8,128.0,source_data/budget/legs/a32fa2f597841d08/bar_time_series.csv,source_data/budget/legs/a32fa2f597841d08/bar1.log
4a5315a1befeaa87,1MLC,complex,1000,550.0,1000.0,100,0.9,32,-9.913211346793847,0.3401731113034543,28.8,32.0,source_data/budget/legs/4a5315a1befeaa87/bar_time_series.csv,source_data/budget/legs/4a5315a1befeaa87/bar1.log
4a5315a1befeaa87,1MLC,complex,2000,1050.0,2000.0,100,1.9,32,-10.995473263474684,0.1979415651465185,60.8,64.0,source_data/budget/legs/4a5315a1befeaa87/bar_time_series.csv,source_data/budget/legs/4a5315a1befeaa87/bar1.log
4a5315a1befeaa87,1MLC,complex,4000,2050.0,4000.0,100,3.9,32,-10.89939109535108,0.2032794997168529,124.8,128.0,source_data/budget/legs/4a5315a1befeaa87/bar_time_series.csv,source_data/budget/legs/4a5315a1befeaa87/bar1.log
de83a8bef3ddfdce,1MLC,partner1,1000,550.0,1000.0,100,0.9,32,-9.731108486202585,0.2067000772266664,28.8,32.0,source_data/budget/legs/de83a8bef3ddfdce/bar_time_series.csv,source_data/budget/legs/de83a8bef3ddfdce/bar1.log
de83a8bef3ddfdce,1MLC,partner1,2000,1050.0,2000.0,100,1.9,32,-10.16715778742496,0.1333945446377019,60.8,64.0,source_data/budget/legs/de83a8bef3ddfdce/bar_time_series.csv,source_data/budget/legs/de83a8bef3ddfdce/bar1.log
de83a8bef3ddfdce,1MLC,partner1,4000,2050.0,4000.0,100,3.9,32,-10.357904329171223,0.1134446231930666,124.8,128.0,source_data/budget/legs/de83a8bef3ddfdce/bar_time_series.csv,source_data/budget/legs/de83a8bef3ddfdce/bar1.log
f9302aa63a15e732,1MLC,complex,1000,550.0,1000.0,100,0.9,64,-134.2027078592822,0.1207273305280456,57.6,64.0,source_data/budget/legs/f9302aa63a15e732/bar_time_series.csv,source_data/budget/legs/f9302aa63a15e732/bar1.log
f9302aa63a15e732,1MLC,complex,2000,1050.0,2000.0,100,1.9,64,-134.25609841644751,0.1313619876836565,121.6,128.0,source_data/budget/legs/f9302aa63a15e732/bar_time_series.csv,source_data/budget/legs/f9302aa63a15e732/bar1.log
f9302aa63a15e732,1MLC,complex,4000,2050.0,4000.0,100,3.9,64,-133.99923576928092,0.0760705999132552,249.6,256.0,source_data/budget/legs/f9302aa63a15e732/bar_time_series.csv,source_data/budget/legs/f9302aa63a15e732/bar1.log
0e1f9628b9301a1c,1MLC,partner1,1000,550.0,1000.0,100,0.9,64,-133.7061762294467,0.1538200190903897,57.6,64.0,source_data/budget/legs/0e1f9628b9301a1c/bar_time_series.csv,source_data/budget/legs/0e1f9628b9301a1c/bar1.log
0e1f9628b9301a1c,1MLC,partner1,2000,1050.0,2000.0,100,1.9,64,-133.75861738816738,0.1159436399848405,121.6,128.0,source_data/budget/legs/0e1f9628b9301a1c/bar_time_series.csv,source_data/budget/legs/0e1f9628b9301a1c/bar1.log
0e1f9628b9301a1c,1MLC,partner1,4000,2050.0,4000.0,100,3.9,64,-133.64596133958213,0.1108101083779217,249.6,256.0,source_data/budget/legs/0e1f9628b9301a1c/bar_time_series.csv,source_data/budget/legs/0e1f9628b9301a1c/bar1.log
b22296833f2eb7e9,1MLC,complex,1000,550.0,1000.0,100,0.9,32,81.00087377613929,0.1944310231786025,28.8,32.0,source_data/budget/legs/b22296833f2eb7e9/bar_time_series.csv,source_data/budget/legs/b22296833f2eb7e9/bar1.log
b22296833f2eb7e9,1MLC,complex,2000,1050.0,2000.0,100,1.9,32,81.39739710845716,0.2368842039023462,60.8,64.0,source_data/budget/legs/b22296833f2eb7e9/bar_time_series.csv,source_data/budget/legs/b22296833f2eb7e9/bar1.log
b22296833f2eb7e9,1MLC,complex,4000,2050.0,4000.0,100,3.9,32,81.04357019377785,0.1688080115983934,124.8,128.0,source_data/budget/legs/b22296833f2eb7e9/bar_time_series.csv,source_data/budget/legs/b22296833f2eb7e9/bar1.log
023f3f8b8f8f8c0e,1MLC,partner1,1000,550.0,1000.0,100,0.9,32,81.4675593465377,0.2254027632417602,28.8,32.0,source_data/budget/legs/023f3f8b8f8f8c0e/bar_time_series.csv,source_data/budget/legs/023f3f8b8f8f8c0e/bar1.log
023f3f8b8f8f8c0e,1MLC,partner1,2000,1050.0,2000.0,100,1.9,32,80.90284221961696,0.1464401192817811,60.8,64.0,source_data/budget/legs/023f3f8b8f8f8c0e/bar_time_series.csv,source_data/budget/legs/023f3f8b8f8f8c0e/bar1.log
023f3f8b8f8f8c0e,1MLC,partner1,4000,2050.0,4000.0,100,3.9,32,81.27515198938376,0.1048192875130209,124.8,128.0,source_data/budget/legs/023f3f8b8f8f8c0e/bar_time_series.csv,source_data/budget/legs/023f3f8b8f8f8c0e/bar1.log
e1d729c24c0f3f0e,1MLC,complex,1000,550.0,1000.0,100,0.9,64,-30.943103404647484,0.1954022303065458,57.6,64.0,source_data/budget/legs/e1d729c24c0f3f0e/bar_time_series.csv,source_data/budget/legs/e1d729c24c0f3f0e/bar1.log
e1d729c24c0f3f0e,1MLC,complex,2000,1050.0,2000.0,100,1.9,64,-30.56572409537471,0.1572946788577494,121.6,128.0,source_data/budget/legs/e1d729c24c0f3f0e/bar_time_series.csv,source_data/budget/legs/e1d729c24c0f3f0e/bar1.log
e1d729c24c0f3f0e,1MLC,complex,4000,2050.0,4000.0,100,3.9,64,-30.95270791780455,0.1278127181776985,249.6,256.0,source_data/budget/legs/e1d729c24c0f3f0e/bar_time_series.csv,source_data/budget/legs/e1d729c24c0f3f0e/bar1.log
5e537d334c025649,1MLC,partner1,1000,550.0,1000.0,100,0.9,64,-32.05130934929389,0.1762704461207188,57.6,64.0,source_data/budget/legs/5e537d334c025649/bar_time_series.csv,source_data/budget/legs/5e537d334c025649/bar1.log
5e537d334c025649,1MLC,partner1,2000,1050.0,2000.0,100,1.9,64,-31.78741876173607,0.1761915337638993,121.6,128.0,source_data/budget/legs/5e537d334c025649/bar_time_series.csv,source_data/budget/legs/5e537d334c025649/bar1.log
5e537d334c025649,1MLC,partner1,4000,2050.0,4000.0,100,3.9,64,-31.96532683735335,0.099995488796693,249.6,256.0,source_data/budget/legs/5e537d334c025649/bar_time_series.csv,source_data/budget/legs/5e537d334c025649/bar1.log
d930ced9b893be52,1MLC,complex,1000,550.0,1000.0,100,0.9,32,79.5328283332376,0.1621706198683347,28.8,32.0,source_data/budget/legs/d930ced9b893be52/bar_time_series.csv,source_data/budget/legs/d930ced9b893be52/bar1.log
d930ced9b893be52,1MLC,complex,2000,1050.0,2000.0,100,1.9,32,79.91243834379284,0.1577746561433095,60.8,64.0,source_data/budget/legs/d930ced9b893be52/bar_time_series.csv,source_data/budget/legs/d930ced9b893be52/bar1.log
d930ced9b893be52,1MLC,complex,4000,2050.0,4000.0,100,3.9,32,80.47566774129277,0.1319959277903965,124.8,128.0,source_data/budget/legs/d930ced9b893be52/bar_time_series.csv,source_data/budget/legs/d930ced9b893be52/bar1.log
1bd9ccc663d200be,1MLC,partner1,1000,550.0,1000.0,100,0.9,32,80.30519739269073,0.2676101643689939,28.8,32.0,source_data/budget/legs/1bd9ccc663d200be/bar_time_series.csv,source_data/budget/legs/1bd9ccc663d200be/bar1.log
1bd9ccc663d200be,1MLC,partner1,2000,1050.0,2000.0,100,1.9,32,80.69426657913895,0.153306876978305,60.8,64.0,source_data/budget/legs/1bd9ccc663d200be/bar_time_series.csv,source_data/budget/legs/1bd9ccc663d200be/bar1.log
1bd9ccc663d200be,1MLC,partner1,4000,2050.0,4000.0,100,3.9,32,80.23470205324085,0.1485874414556736,124.8,128.0,source_data/budget/legs/1bd9ccc663d200be/bar_time_series.csv,source_data/budget/legs/1bd9ccc663d200be/bar1.log
47f81f7614a621d0,1MLC,complex,1000,550.0,1000.0,100,0.9,32,-10.978501726844268,0.1649114288877146,28.8,32.0,source_data/budget/legs/47f81f7614a621d0/bar_time_series.csv,source_data/budget/legs/47f81f7614a621d0/bar1.log
47f81f7614a621d0,1MLC,complex,2000,1050.0,2000.0,100,1.9,32,-10.522107168751711,0.2497229521114687,60.8,64.0,source_data/budget/legs/47f81f7614a621d0/bar_time_series.csv,source_data/budget/legs/47f81f7614a621d0/bar1.log
47f81f7614a621d0,1MLC,complex,4000,2050.0,4000.0,100,3.9,32,-10.738235124837932,0.1126775398417297,124.8,128.0,source_data/budget/legs/47f81f7614a621d0/bar_time_series.csv,source_data/budget/legs/47f81f7614a621d0/bar1.log
df5ac58760d19b20,1MLC,partner1,1000,550.0,1000.0,100,0.9,32,-10.25290179405848,0.1691542597622441,28.8,32.0,source_data/budget/legs/df5ac58760d19b20/bar_time_series.csv,source_data/budget/legs/df5ac58760d19b20/bar1.log
df5ac58760d19b20,1MLC,partner1,2000,1050.0,2000.0,100,1.9,32,-10.363861170034236,0.1370344091236903,60.8,64.0,source_data/budget/legs/df5ac58760d19b20/bar_time_series.csv,source_data/budget/legs/df5ac58760d19b20/bar1.log
df5ac58760d19b20,1MLC,partner1,4000,2050.0,4000.0,100,3.9,32,-9.900331976915066,0.1369533971900873,124.8,128.0,source_data/budget/legs/df5ac58760d19b20/bar_time_series.csv,source_data/budget/legs/df5ac58760d19b20/bar1.log
01037c0191efc827,1MLC,complex,1000,550.0,1000.0,100,0.9,64,-31.459558935265814,0.0949078258486845,57.6,64.0,source_data/budget/legs/01037c0191efc827/bar_time_series.csv,source_data/budget/legs/01037c0191efc827/bar1.log
01037c0191efc827,1MLC,complex,2000,1050.0,2000.0,100,1.9,64,-31.6739891223269,0.1324816811223209,121.6,128.0,source_data/budget/legs/01037c0191efc827/bar_time_series.csv,source_data/budget/legs/01037c0191efc827/bar1.log
01037c0191efc827,1MLC,complex,4000,2050.0,4000.0,100,3.9,64,-31.599286549453826,0.0629124389397711,249.6,256.0,source_data/budget/legs/01037c0191efc827/bar_time_series.csv,source_data/budget/legs/01037c0191efc827/bar1.log
89005d539d40d85d,1MLC,partner1,1000,550.0,1000.0,100,0.9,64,-32.49063537397481,0.1002364183277774,57.6,64.0,source_data/budget/legs/89005d539d40d85d/bar_time_series.csv,source_data/budget/legs/89005d539d40d85d/bar1.log
89005d539d40d85d,1MLC,partner1,2000,1050.0,2000.0,100,1.9,64,-32.428290293381075,0.1444963940677918,121.6,128.0,source_data/budget/legs/89005d539d40d85d/bar_time_series.csv,source_data/budget/legs/89005d539d40d85d/bar1.log
89005d539d40d85d,1MLC,partner1,4000,2050.0,4000.0,100,3.9,64,-32.81597723958593,0.106100370952847,249.6,256.0,source_data/budget/legs/89005d539d40d85d/bar_time_series.csv,source_data/budget/legs/89005d539d40d85d/bar1.log
88c9baa2690f8c3b,1MLC,complex,1000,550.0,1000.0,100,0.9,32,80.16039074774811,0.2308834147812332,28.8,32.0,source_data/budget/legs/88c9baa2690f8c3b/bar_time_series.csv,source_data/budget/legs/88c9baa2690f8c3b/bar1.log
88c9baa2690f8c3b,1MLC,complex,2000,1050.0,2000.0,100,1.9,32,80.54408647521558,0.1444226355770132,60.8,64.0,source_data/budget/legs/88c9baa2690f8c3b/bar_time_series.csv,source_data/budget/legs/88c9baa2690f8c3b/bar1.log
88c9baa2690f8c3b,1MLC,complex,4000,2050.0,4000.0,100,3.9,32,80.75600957025846,0.1301037980470265,124.8,128.0,source_data/budget/legs/88c9baa2690f8c3b/bar_time_series.csv,source_data/budget/legs/88c9baa2690f8c3b/bar1.log
9d39cc959010efe5,1MLC,partner1,1000,550.0,1000.0,100,0.9,32,79.77672832599589,0.1873923805351296,28.8,32.0,source_data/budget/legs/9d39cc959010efe5/bar_time_series.csv,source_data/budget/legs/9d39cc959010efe5/bar1.log
9d39cc959010efe5,1MLC,partner1,2000,1050.0,2000.0,100,1.9,32,80.0859064729056,0.1946545733932869,60.8,64.0,source_data/budget/legs/9d39cc959010efe5/bar_time_series.csv,source_data/budget/legs/9d39cc959010efe5/bar1.log
9d39cc959010efe5,1MLC,partner1,4000,2050.0,4000.0,100,3.9,32,79.9820823837108,0.0783032399991151,124.8,128.0,source_data/budget/legs/9d39cc959010efe5/bar_time_series.csv,source_data/budget/legs/9d39cc959010efe5/bar1.log
870d8ee1e8ba038f,1MLC,complex,1000,550.0,1000.0,100,0.9,32,-10.159446999638565,0.2397927667372331,28.8,32.0,source_data/budget/legs/870d8ee1e8ba038f/bar_time_series.csv,source_data/budget/legs/870d8ee1e8ba038f/bar1.log
870d8ee1e8ba038f,1MLC,complex,2000,1050.0,2000.0,100,1.9,32,-10.272523483426536,0.1955745538517284,60.8,64.0,source_data/budget/legs/870d8ee1e8ba038f/bar_time_series.csv,source_data/budget/legs/870d8ee1e8ba038f/bar1.log
870d8ee1e8ba038f,1MLC,complex,4000,2050.0,4000.0,100,3.9,32,-9.857145755264751,0.1288621522271249,124.8,128.0,source_data/budget/legs/870d8ee1e8ba038f/bar_time_series.csv,source_data/budget/legs/870d8ee1e8ba038f/bar1.log
ec671c8e84dc1fe6,1MLC,partner1,1000,550.0,1000.0,100,0.9,32,-9.398837917878032,0.1377769143432868,28.8,32.0,source_data/budget/legs/ec671c8e84dc1fe6/bar_time_series.csv,source_data/budget/legs/ec671c8e84dc1fe6/bar1.log
ec671c8e84dc1fe6,1MLC,partner1,2000,1050.0,2000.0,100,1.9,32,-9.329159049083676,0.1066185560982668,60.8,64.0,source_data/budget/legs/ec671c8e84dc1fe6/bar_time_series.csv,source_data/budget/legs/ec671c8e84dc1fe6/bar1.log
ec671c8e84dc1fe6,1MLC,partner1,4000,2050.0,4000.0,100,3.9,32,-9.058315149153453,0.1092455626404386,124.8,128.0,source_data/budget/legs/ec671c8e84dc1fe6/bar_time_series.csv,source_data/budget/legs/ec671c8e84dc1fe6/bar1.log
1cd58bc4f2b04784,1MLC,complex,1000,550.0,1000.0,100,0.9,64,-133.81835069856504,0.1831368771391543,57.6,64.0,source_data/budget/legs/1cd58bc4f2b04784/bar_time_series.csv,source_data/budget/legs/1cd58bc4f2b04784/bar1.log
1cd58bc4f2b04784,1MLC,complex,2000,1050.0,2000.0,100,1.9,64,-133.62338583186315,0.1334173654004861,121.6,128.0,source_data/budget/legs/1cd58bc4f2b04784/bar_time_series.csv,source_data/budget/legs/1cd58bc4f2b04784/bar1.log
1cd58bc4f2b04784,1MLC,complex,4000,2050.0,4000.0,100,3.9,64,-133.74668560309598,0.1570625186675977,249.6,256.0,source_data/budget/legs/1cd58bc4f2b04784/bar_time_series.csv,source_data/budget/legs/1cd58bc4f2b04784/bar1.log
7f73029d325c4d77,1MLC,partner1,1000,550.0,1000.0,100,0.9,64,-127.01903087851932,0.2487897961680964,57.6,64.0,source_data/budget/legs/7f73029d325c4d77/bar_time_series.csv,source_data/budget/legs/7f73029d325c4d77/bar1.log
7f73029d325c4d77,1MLC,partner1,2000,1050.0,2000.0,100,1.9,64,-127.64207667193406,0.1351131953997202,121.6,128.0,source_data/budget/legs/7f73029d325c4d77/bar_time_series.csv,source_data/budget/legs/7f73029d325c4d77/bar1.log
7f73029d325c4d77,1MLC,partner1,4000,2050.0,4000.0,100,3.9,64,-128.08894015880006,0.0930533748222137,249.6,256.0,source_data/budget/legs/7f73029d325c4d77/bar_time_series.csv,source_data/budget/legs/7f73029d325c4d77/bar1.log
99f7294596cfe81c,1PPF,complex,1000,550.0,1000.0,100,0.9,32,-72.06769166486053,0.2644223372744034,28.8,32.0,source_data/budget/legs/99f7294596cfe81c/bar_time_series.csv,source_data/budget/legs/99f7294596cfe81c/bar1.log
99f7294596cfe81c,1PPF,complex,2000,1050.0,2000.0,100,1.9,32,-71.53258210533335,0.2086204401858373,60.8,64.0,source_data/budget/legs/99f7294596cfe81c/bar_time_series.csv,source_data/budget/legs/99f7294596cfe81c/bar1.log
99f7294596cfe81c,1PPF,complex,4000,2050.0,4000.0,100,3.9,32,-71.78132143294542,0.2071720809312695,124.8,128.0,source_data/budget/legs/99f7294596cfe81c/bar_time_series.csv,source_data/budget/legs/99f7294596cfe81c/bar1.log
23c9d38e71f6a943,1PPF,partner2,1000,550.0,1000.0,100,0.9,32,-71.08062921160281,0.135233537985299,28.8,32.0,source_data/budget/legs/23c9d38e71f6a943/bar_time_series.csv,source_data/budget/legs/23c9d38e71f6a943/bar1.log
23c9d38e71f6a943,1PPF,partner2,2000,1050.0,2000.0,100,1.9,32,-71.49176317074034,0.1599528937657723,60.8,64.0,source_data/budget/legs/23c9d38e71f6a943/bar_time_series.csv,source_data/budget/legs/23c9d38e71f6a943/bar1.log
23c9d38e71f6a943,1PPF,partner2,4000,2050.0,4000.0,100,3.9,32,-71.15265376650973,0.1558478525843659,124.8,128.0,source_data/budget/legs/23c9d38e71f6a943/bar_time_series.csv,source_data/budget/legs/23c9d38e71f6a943/bar1.log
788a6d9f52020930,1PPF,complex,1000,550.0,1000.0,100,0.9,32,19.330207686397905,0.2184180984127819,28.8,32.0,source_data/budget/legs/788a6d9f52020930/bar_time_series.csv,source_data/budget/legs/788a6d9f52020930/bar1.log
788a6d9f52020930,1PPF,complex,2000,1050.0,2000.0,100,1.9,32,19.62676951047164,0.4102592492583336,60.8,64.0,source_data/budget/legs/788a6d9f52020930/bar_time_series.csv,source_data/budget/legs/788a6d9f52020930/bar1.log
788a6d9f52020930,1PPF,complex,4000,2050.0,4000.0,100,3.9,32,16.696440895757412,0.2206766483767136,124.8,128.0,source_data/budget/legs/788a6d9f52020930/bar_time_series.csv,source_data/budget/legs/788a6d9f52020930/bar1.log
72534c6f9f01e1d0,1PPF,partner2,1000,550.0,1000.0,100,0.9,32,17.966144607465896,0.2802884595746952,28.8,32.0,source_data/budget/legs/72534c6f9f01e1d0/bar_time_series.csv,source_data/budget/legs/72534c6f9f01e1d0/bar1.log
72534c6f9f01e1d0,1PPF,partner2,2000,1050.0,2000.0,100,1.9,32,18.075523940266592,0.1380761394348954,60.8,64.0,source_data/budget/legs/72534c6f9f01e1d0/bar_time_series.csv,source_data/budget/legs/72534c6f9f01e1d0/bar1.log
72534c6f9f01e1d0,1PPF,partner2,4000,2050.0,4000.0,100,3.9,32,18.085121309359096,0.1125651117601492,124.8,128.0,source_data/budget/legs/72534c6f9f01e1d0/bar_time_series.csv,source_data/budget/legs/72534c6f9f01e1d0/bar1.log
00d931af01043cb4,1PPF,complex,1000,550.0,1000.0,100,0.9,32,-70.89055939640113,0.2678429575497821,28.8,32.0,source_data/budget/legs/00d931af01043cb4/bar_time_series.csv,source_data/budget/legs/00d931af01043cb4/bar1.log
00d931af01043cb4,1PPF,complex,2000,1050.0,2000.0,100,1.9,32,-71.78932199706782,0.2011305986532646,60.8,64.0,source_data/budget/legs/00d931af01043cb4/bar_time_series.csv,source_data/budget/legs/00d931af01043cb4/bar1.log
00d931af01043cb4,1PPF,complex,4000,2050.0,4000.0,100,3.9,32,-71.39507206452646,0.1048442631273123,124.8,128.0,source_data/budget/legs/00d931af01043cb4/bar_time_series.csv,source_data/budget/legs/00d931af01043cb4/bar1.log
456ab1d1410ec4dc,1PPF,partner2,1000,550.0,1000.0,100,0.9,32,-71.20897180437647,0.2080669164357962,28.8,32.0,source_data/budget/legs/456ab1d1410ec4dc/bar_time_series.csv,source_data/budget/legs/456ab1d1410ec4dc/bar1.log
456ab1d1410ec4dc,1PPF,partner2,2000,1050.0,2000.0,100,1.9,32,-70.8072532725756,0.1121008342381003,60.8,64.0,source_data/budget/legs/456ab1d1410ec4dc/bar_time_series.csv,source_data/budget/legs/456ab1d1410ec4dc/bar1.log
456ab1d1410ec4dc,1PPF,partner2,4000,2050.0,4000.0,100,3.9,32,-71.49547556655247,0.1362359673446314,124.8,128.0,source_data/budget/legs/456ab1d1410ec4dc/bar_time_series.csv,source_data/budget/legs/456ab1d1410ec4dc/bar1.log
cc122f0169a605dd,1PPF,complex,1000,550.0,1000.0,100,0.9,64,-78.70717650242167,0.1979722799406226,57.6,64.0,source_data/budget/legs/cc122f0169a605dd/bar_time_series.csv,source_data/budget/legs/cc122f0169a605dd/bar1.log
cc122f0169a605dd,1PPF,complex,2000,1050.0,2000.0,100,1.9,64,-78.77642001367221,0.1988570997889237,121.6,128.0,source_data/budget/legs/cc122f0169a605dd/bar_time_series.csv,source_data/budget/legs/cc122f0169a605dd/bar1.log
cc122f0169a605dd,1PPF,complex,4000,2050.0,4000.0,100,3.9,64,-80.00855303839246,0.2517476957479413,249.6,256.0,source_data/budget/legs/cc122f0169a605dd/bar_time_series.csv,source_data/budget/legs/cc122f0169a605dd/bar1.log
b74651e6830e9b83,1PPF,partner2,1000,550.0,1000.0,100,0.9,64,-84.9308469707685,0.1918901055110286,57.6,64.0,source_data/budget/legs/b74651e6830e9b83/bar_time_series.csv,source_data/budget/legs/b74651e6830e9b83/bar1.log
b74651e6830e9b83,1PPF,partner2,2000,1050.0,2000.0,100,1.9,64,-84.48242387820405,0.1119120723799721,121.6,128.0,source_data/budget/legs/b74651e6830e9b83/bar_time_series.csv,source_data/budget/legs/b74651e6830e9b83/bar1.log
b74651e6830e9b83,1PPF,partner2,4000,2050.0,4000.0,100,3.9,64,-84.76073022204957,0.0719584390086191,249.6,256.0,source_data/budget/legs/b74651e6830e9b83/bar_time_series.csv,source_data/budget/legs/b74651e6830e9b83/bar1.log
674eba83f5ddf819,1PPF,complex,1000,550.0,1000.0,100,0.9,32,18.961045506335253,0.2954130262520295,28.8,32.0,source_data/budget/legs/674eba83f5ddf819/bar_time_series.csv,source_data/budget/legs/674eba83f5ddf819/bar1.log
674eba83f5ddf819,1PPF,complex,2000,1050.0,2000.0,100,1.9,32,19.024789894060305,0.2687075358448493,60.8,64.0,source_data/budget/legs/674eba83f5ddf819/bar_time_series.csv,source_data/budget/legs/674eba83f5ddf819/bar1.log
674eba83f5ddf819,1PPF,complex,4000,2050.0,4000.0,100,3.9,32,18.56536981759316,0.1931593664212036,124.8,128.0,source_data/budget/legs/674eba83f5ddf819/bar_time_series.csv,source_data/budget/legs/674eba83f5ddf819/bar1.log
b55714fde568b0e1,1PPF,partner2,1000,550.0,1000.0,100,0.9,32,18.182124578844448,0.1889284251425419,28.8,32.0,source_data/budget/legs/b55714fde568b0e1/bar_time_series.csv,source_data/budget/legs/b55714fde568b0e1/bar1.log
b55714fde568b0e1,1PPF,partner2,2000,1050.0,2000.0,100,1.9,32,18.100027489632552,0.1182031246486632,60.8,64.0,source_data/budget/legs/b55714fde568b0e1/bar_time_series.csv,source_data/budget/legs/b55714fde568b0e1/bar1.log
b55714fde568b0e1,1PPF,partner2,4000,2050.0,4000.0,100,3.9,32,17.788819611738234,0.0888095810145554,124.8,128.0,source_data/budget/legs/b55714fde568b0e1/bar_time_series.csv,source_data/budget/legs/b55714fde568b0e1/bar1.log
250c9b9e0983d5e5,1PPF,complex,1000,550.0,1000.0,100,0.9,64,-83.87734252578431,0.2161527461806689,57.6,64.0,source_data/budget/legs/250c9b9e0983d5e5/bar_time_series.csv,source_data/budget/legs/250c9b9e0983d5e5/bar1.log
250c9b9e0983d5e5,1PPF,complex,2000,1050.0,2000.0,100,1.9,64,-83.81401683086045,0.1602700957982869,121.6,128.0,source_data/budget/legs/250c9b9e0983d5e5/bar_time_series.csv,source_data/budget/legs/250c9b9e0983d5e5/bar1.log
250c9b9e0983d5e5,1PPF,complex,4000,2050.0,4000.0,100,3.9,64,-84.1192460906648,0.1108716311209367,249.6,256.0,source_data/budget/legs/250c9b9e0983d5e5/bar_time_series.csv,source_data/budget/legs/250c9b9e0983d5e5/bar1.log
1e1515816d2db892,1PPF,partner2,1000,550.0,1000.0,100,0.9,64,-84.97167838084464,0.1748253984111625,57.6,64.0,source_data/budget/legs/1e1515816d2db892/bar_time_series.csv,source_data/budget/legs/1e1515816d2db892/bar1.log
1e1515816d2db892,1PPF,partner2,2000,1050.0,2000.0,100,1.9,64,-85.06446102332836,0.1267764733559548,121.6,128.0,source_data/budget/legs/1e1515816d2db892/bar_time_series.csv,source_data/budget/legs/1e1515816d2db892/bar1.log
1e1515816d2db892,1PPF,partner2,4000,2050.0,4000.0,100,3.9,64,-85.05855089560595,0.1384515580017717,249.6,256.0,source_data/budget/legs/1e1515816d2db892/bar_time_series.csv,source_data/budget/legs/1e1515816d2db892/bar1.log
14ec082b83e8ab88,1PPF,complex,1000,550.0,1000.0,100,0.9,64,-81.65332583518628,0.2771881191400845,57.6,64.0,source_data/budget/legs/14ec082b83e8ab88/bar_time_series.csv,source_data/budget/legs/14ec082b83e8ab88/bar1.log
14ec082b83e8ab88,1PPF,complex,2000,1050.0,2000.0,100,1.9,64,-81.33421124452593,0.197967409130448,121.6,128.0,source_data/budget/legs/14ec082b83e8ab88/bar_time_series.csv,source_data/budget/legs/14ec082b83e8ab88/bar1.log
14ec082b83e8ab88,1PPF,complex,4000,2050.0,4000.0,100,3.9,64,-81.24879697940938,0.2031290673916419,249.6,256.0,source_data/budget/legs/14ec082b83e8ab88/bar_time_series.csv,source_data/budget/legs/14ec082b83e8ab88/bar1.log
8d7920a2a211d823,1PPF,partner2,1000,550.0,1000.0,100,0.9,64,-79.92636138610617,0.1776756126149434,57.6,64.0,source_data/budget/legs/8d7920a2a211d823/bar_time_series.csv,source_data/budget/legs/8d7920a2a211d823/bar1.log
8d7920a2a211d823,1PPF,partner2,2000,1050.0,2000.0,100,1.9,64,-80.37919561292446,0.1329351255350147,121.6,128.0,source_data/budget/legs/8d7920a2a211d823/bar_time_series.csv,source_data/budget/legs/8d7920a2a211d823/bar1.log
8d7920a2a211d823,1PPF,partner2,4000,2050.0,4000.0,100,3.9,64,-80.2880162239463,0.1556386213467489,249.6,256.0,source_data/budget/legs/8d7920a2a211d823/bar_time_series.csv,source_data/budget/legs/8d7920a2a211d823/bar1.log
d80a6edb50110223,1PPF,complex,1000,550.0,1000.0,100,0.9,32,18.58515039969016,0.2341965924963304,28.8,32.0,source_data/budget/legs/d80a6edb50110223/bar_time_series.csv,source_data/budget/legs/d80a6edb50110223/bar1.log
d80a6edb50110223,1PPF,complex,2000,1050.0,2000.0,100,1.9,32,18.600303396522616,0.2525540064094636,60.8,64.0,source_data/budget/legs/d80a6edb50110223/bar_time_series.csv,source_data/budget/legs/d80a6edb50110223/bar1.log
d80a6edb50110223,1PPF,complex,4000,2050.0,4000.0,100,3.9,32,18.283182093780614,0.1860449349248612,124.8,128.0,source_data/budget/legs/d80a6edb50110223/bar_time_series.csv,source_data/budget/legs/d80a6edb50110223/bar1.log
8861d61c74bacc60,1PPF,partner2,1000,550.0,1000.0,100,0.9,32,17.659334092243675,0.2694158989543645,28.8,32.0,source_data/budget/legs/8861d61c74bacc60/bar_time_series.csv,source_data/budget/legs/8861d61c74bacc60/bar1.log
8861d61c74bacc60,1PPF,partner2,2000,1050.0,2000.0,100,1.9,32,18.120960916806197,0.1567775240725637,60.8,64.0,source_data/budget/legs/8861d61c74bacc60/bar_time_series.csv,source_data/budget/legs/8861d61c74bacc60/bar1.log
8861d61c74bacc60,1PPF,partner2,4000,2050.0,4000.0,100,3.9,32,17.924224173887772,0.0980855382392917,124.8,128.0,source_data/budget/legs/8861d61c74bacc60/bar_time_series.csv,source_data/budget/legs/8861d61c74bacc60/bar1.log
2a6253771c3d86bc,1PPF,complex,1000,550.0,1000.0,100,0.9,64,-81.77088913805518,0.2556715840894647,57.6,64.0,source_data/budget/legs/2a6253771c3d86bc/bar_time_series.csv,source_data/budget/legs/2a6253771c3d86bc/bar1.log
2a6253771c3d86bc,1PPF,complex,2000,1050.0,2000.0,100,1.9,64,-81.49088498646401,0.2184339950601959,121.6,128.0,source_data/budget/legs/2a6253771c3d86bc/bar_time_series.csv,source_data/budget/legs/2a6253771c3d86bc/bar1.log
2a6253771c3d86bc,1PPF,complex,4000,2050.0,4000.0,100,3.9,64,-82.00475830292075,0.1421256120507023,249.6,256.0,source_data/budget/legs/2a6253771c3d86bc/bar_time_series.csv,source_data/budget/legs/2a6253771c3d86bc/bar1.log
42157c593375390a,1PPF,partner2,1000,550.0,1000.0,100,0.9,64,-80.6160460168758,0.1619542080378124,57.6,64.0,source_data/budget/legs/42157c593375390a/bar_time_series.csv,source_data/budget/legs/42157c593375390a/bar1.log
42157c593375390a,1PPF,partner2,2000,1050.0,2000.0,100,1.9,64,-80.65868192475888,0.1379390479846343,121.6,128.0,source_data/budget/legs/42157c593375390a/bar_time_series.csv,source_data/budget/legs/42157c593375390a/bar1.log
42157c593375390a,1PPF,partner2,4000,2050.0,4000.0,100,3.9,64,-80.54023318890644,0.1035030904518066,249.6,256.0,source_data/budget/legs/42157c593375390a/bar_time_series.csv,source_data/budget/legs/42157c593375390a/bar1.log
0b3d808e7eea5f88,1PPF,complex,1000,550.0,1000.0,100,0.9,32,-71.11464012460968,0.1710840019400429,28.8,32.0,source_data/budget/legs/0b3d808e7eea5f88/bar_time_series.csv,source_data/budget/legs/0b3d808e7eea5f88/bar1.log
0b3d808e7eea5f88,1PPF,complex,2000,1050.0,2000.0,100,1.9,32,-71.17510081031917,0.1379971595679991,60.8,64.0,source_data/budget/legs/0b3d808e7eea5f88/bar_time_series.csv,source_data/budget/legs/0b3d808e7eea5f88/bar1.log
0b3d808e7eea5f88,1PPF,complex,4000,2050.0,4000.0,100,3.9,32,-72.00576785434286,0.2328622088012659,124.8,128.0,source_data/budget/legs/0b3d808e7eea5f88/bar_time_series.csv,source_data/budget/legs/0b3d808e7eea5f88/bar1.log
c77ac5f4b26f0900,1PPF,partner2,1000,550.0,1000.0,100,0.9,32,-72.15554752216845,0.1826508106559293,28.8,32.0,source_data/budget/legs/c77ac5f4b26f0900/bar_time_series.csv,source_data/budget/legs/c77ac5f4b26f0900/bar1.log
c77ac5f4b26f0900,1PPF,partner2,2000,1050.0,2000.0,100,1.9,32,-71.52691849164049,0.1573799800168857,60.8,64.0,source_data/budget/legs/c77ac5f4b26f0900/bar_time_series.csv,source_data/budget/legs/c77ac5f4b26f0900/bar1.log
c77ac5f4b26f0900,1PPF,partner2,4000,2050.0,4000.0,100,3.9,32,-71.04013986111815,0.1289889184460843,124.8,128.0,source_data/budget/legs/c77ac5f4b26f0900/bar_time_series.csv,source_data/budget/legs/c77ac5f4b26f0900/bar1.log
1e4f1e76442c95d0,1R0R,complex,1000,550.0,1000.0,100,0.9,32,-72.35979532688722,0.1835461386044999,28.8,32.0,source_data/budget/legs/1e4f1e76442c95d0/bar_time_series.csv,source_data/budget/legs/1e4f1e76442c95d0/bar1.log
1e4f1e76442c95d0,1R0R,complex,2000,1050.0,2000.0,100,1.9,32,-72.21682524526814,0.1970536424689616,60.8,64.0,source_data/budget/legs/1e4f1e76442c95d0/bar_time_series.csv,source_data/budget/legs/1e4f1e76442c95d0/bar1.log
1e4f1e76442c95d0,1R0R,complex,4000,2050.0,4000.0,100,3.9,32,-71.60986396761533,0.1094514027044658,124.8,128.0,source_data/budget/legs/1e4f1e76442c95d0/bar_time_series.csv,source_data/budget/legs/1e4f1e76442c95d0/bar1.log
3028fadfbd2bcad1,1R0R,partner2,1000,550.0,1000.0,100,0.9,32,-71.61406414813725,0.1877650140085348,28.8,32.0,source_data/budget/legs/3028fadfbd2bcad1/bar_time_series.csv,source_data/budget/legs/3028fadfbd2bcad1/bar1.log
3028fadfbd2bcad1,1R0R,partner2,2000,1050.0,2000.0,100,1.9,32,-71.63611503712286,0.1408715056773466,60.8,64.0,source_data/budget/legs/3028fadfbd2bcad1/bar_time_series.csv,source_data/budget/legs/3028fadfbd2bcad1/bar1.log
3028fadfbd2bcad1,1R0R,partner2,4000,2050.0,4000.0,100,3.9,32,-71.66440339862426,0.1318761770450342,124.8,128.0,source_data/budget/legs/3028fadfbd2bcad1/bar_time_series.csv,source_data/budget/legs/3028fadfbd2bcad1/bar1.log
e78975eb24dd6151,1R0R,complex,1000,550.0,1000.0,100,0.9,32,19.59405768439394,0.157378597662112,28.8,32.0,source_data/budget/legs/e78975eb24dd6151/bar_time_series.csv,source_data/budget/legs/e78975eb24dd6151/bar1.log
e78975eb24dd6151,1R0R,complex,2000,1050.0,2000.0,100,1.9,32,19.48455800044368,0.1191043026287007,60.8,64.0,source_data/budget/legs/e78975eb24dd6151/bar_time_series.csv,source_data/budget/legs/e78975eb24dd6151/bar1.log
e78975eb24dd6151,1R0R,complex,4000,2050.0,4000.0,100,3.9,32,19.365065450805155,0.0960172663588051,124.8,128.0,source_data/budget/legs/e78975eb24dd6151/bar_time_series.csv,source_data/budget/legs/e78975eb24dd6151/bar1.log
ce2b24dd5929f31d,1R0R,partner2,1000,550.0,1000.0,100,0.9,32,17.83348085120446,0.2260412322281126,28.8,32.0,source_data/budget/legs/ce2b24dd5929f31d/bar_time_series.csv,source_data/budget/legs/ce2b24dd5929f31d/bar1.log
ce2b24dd5929f31d,1R0R,partner2,2000,1050.0,2000.0,100,1.9,32,17.877100278547104,0.1624335506586441,60.8,64.0,source_data/budget/legs/ce2b24dd5929f31d/bar_time_series.csv,source_data/budget/legs/ce2b24dd5929f31d/bar1.log
ce2b24dd5929f31d,1R0R,partner2,4000,2050.0,4000.0,100,3.9,32,17.74769855963683,0.0880626894178358,124.8,128.0,source_data/budget/legs/ce2b24dd5929f31d/bar_time_series.csv,source_data/budget/legs/ce2b24dd5929f31d/bar1.log
491295b8b12d1120,1R0R,complex,1000,550.0,1000.0,100,0.9,32,-71.87689230964932,0.2566148082814016,28.8,32.0,source_data/budget/legs/491295b8b12d1120/bar_time_series.csv,source_data/budget/legs/491295b8b12d1120/bar1.log
491295b8b12d1120,1R0R,complex,2000,1050.0,2000.0,100,1.9,32,-71.79593488446346,0.1196681215392739,60.8,64.0,source_data/budget/legs/491295b8b12d1120/bar_time_series.csv,source_data/budget/legs/491295b8b12d1120/bar1.log
491295b8b12d1120,1R0R,complex,4000,2050.0,4000.0,100,3.9,32,-72.05699164285983,0.1609131633641562,124.8,128.0,source_data/budget/legs/491295b8b12d1120/bar_time_series.csv,source_data/budget/legs/491295b8b12d1120/bar1.log
d60083030cf85579,1R0R,partner2,1000,550.0,1000.0,100,0.9,32,-71.66850548921384,0.182633806423246,28.8,32.0,source_data/budget/legs/d60083030cf85579/bar_time_series.csv,source_data/budget/legs/d60083030cf85579/bar1.log
d60083030cf85579,1R0R,partner2,2000,1050.0,2000.0,100,1.9,32,-71.65609672083278,0.1373808784335932,60.8,64.0,source_data/budget/legs/d60083030cf85579/bar_time_series.csv,source_data/budget/legs/d60083030cf85579/bar1.log
d60083030cf85579,1R0R,partner2,4000,2050.0,4000.0,100,3.9,32,-71.59250476628827,0.1394196529012415,124.8,128.0,source_data/budget/legs/d60083030cf85579/bar_time_series.csv,source_data/budget/legs/d60083030cf85579/bar1.log
3ea258c024d3e3ed,1R0R,complex,1000,550.0,1000.0,100,0.9,64,-84.21751691637948,0.2002088513863637,57.6,64.0,source_data/budget/legs/3ea258c024d3e3ed/bar_time_series.csv,source_data/budget/legs/3ea258c024d3e3ed/bar1.log
3ea258c024d3e3ed,1R0R,complex,2000,1050.0,2000.0,100,1.9,64,-84.1732866470723,0.1450428544019335,121.6,128.0,source_data/budget/legs/3ea258c024d3e3ed/bar_time_series.csv,source_data/budget/legs/3ea258c024d3e3ed/bar1.log
3ea258c024d3e3ed,1R0R,complex,4000,2050.0,4000.0,100,3.9,64,-84.61733116039697,0.1817680308433206,249.6,256.0,source_data/budget/legs/3ea258c024d3e3ed/bar_time_series.csv,source_data/budget/legs/3ea258c024d3e3ed/bar1.log
a89ddbcc428a779c,1R0R,partner2,1000,550.0,1000.0,100,0.9,64,-84.12085634340427,0.1224397213090946,57.6,64.0,source_data/budget/legs/a89ddbcc428a779c/bar_time_series.csv,source_data/budget/legs/a89ddbcc428a779c/bar1.log
a89ddbcc428a779c,1R0R,partner2,2000,1050.0,2000.0,100,1.9,64,-84.37009242301112,0.1268060958867501,121.6,128.0,source_data/budget/legs/a89ddbcc428a779c/bar_time_series.csv,source_data/budget/legs/a89ddbcc428a779c/bar1.log
a89ddbcc428a779c,1R0R,partner2,4000,2050.0,4000.0,100,3.9,64,-84.50535540503652,0.1360873843915781,249.6,256.0,source_data/budget/legs/a89ddbcc428a779c/bar_time_series.csv,source_data/budget/legs/a89ddbcc428a779c/bar1.log
aae39fa6cc823755,1R0R,complex,1000,550.0,1000.0,100,0.9,32,19.33658418569906,0.2457705387687297,28.8,32.0,source_data/budget/legs/aae39fa6cc823755/bar_time_series.csv,source_data/budget/legs/aae39fa6cc823755/bar1.log
aae39fa6cc823755,1R0R,complex,2000,1050.0,2000.0,100,1.9,32,19.678002638025426,0.2999353726212297,60.8,64.0,source_data/budget/legs/aae39fa6cc823755/bar_time_series.csv,source_data/budget/legs/aae39fa6cc823755/bar1.log
aae39fa6cc823755,1R0R,complex,4000,2050.0,4000.0,100,3.9,32,19.48547421101188,0.1790338937353589,124.8,128.0,source_data/budget/legs/aae39fa6cc823755/bar_time_series.csv,source_data/budget/legs/aae39fa6cc823755/bar1.log
160536b5de9ee1f7,1R0R,partner2,1000,550.0,1000.0,100,0.9,32,17.60288858294508,0.1318502142732605,28.8,32.0,source_data/budget/legs/160536b5de9ee1f7/bar_time_series.csv,source_data/budget/legs/160536b5de9ee1f7/bar1.log
160536b5de9ee1f7,1R0R,partner2,2000,1050.0,2000.0,100,1.9,32,17.800981817403187,0.170850716335422,60.8,64.0,source_data/budget/legs/160536b5de9ee1f7/bar_time_series.csv,source_data/budget/legs/160536b5de9ee1f7/bar1.log
160536b5de9ee1f7,1R0R,partner2,4000,2050.0,4000.0,100,3.9,32,17.91138958304219,0.1163227526794344,124.8,128.0,source_data/budget/legs/160536b5de9ee1f7/bar_time_series.csv,source_data/budget/legs/160536b5de9ee1f7/bar1.log
8ee4817d398b342e,1R0R,complex,1000,550.0,1000.0,100,0.9,64,-83.98222904935542,0.1626809886708747,57.6,64.0,source_data/budget/legs/8ee4817d398b342e/bar_time_series.csv,source_data/budget/legs/8ee4817d398b342e/bar1.log
8ee4817d398b342e,1R0R,complex,2000,1050.0,2000.0,100,1.9,64,-84.05239557502645,0.1757968840026385,121.6,128.0,source_data/budget/legs/8ee4817d398b342e/bar_time_series.csv,source_data/budget/legs/8ee4817d398b342e/bar1.log
8ee4817d398b342e,1R0R,complex,4000,2050.0,4000.0,100,3.9,64,-83.7598399121892,0.1710150262062359,249.6,256.0,source_data/budget/legs/8ee4817d398b342e/bar_time_series.csv,source_data/budget/legs/8ee4817d398b342e/bar1.log
d8bcef4cc7228e5d,1R0R,partner2,1000,550.0,1000.0,100,0.9,64,-83.36654226854628,0.1344730266979971,57.6,64.0,source_data/budget/legs/d8bcef4cc7228e5d/bar_time_series.csv,source_data/budget/legs/d8bcef4cc7228e5d/bar1.log
d8bcef4cc7228e5d,1R0R,partner2,2000,1050.0,2000.0,100,1.9,64,-83.75082110302317,0.1361792845659329,121.6,128.0,source_data/budget/legs/d8bcef4cc7228e5d/bar_time_series.csv,source_data/budget/legs/d8bcef4cc7228e5d/bar1.log
d8bcef4cc7228e5d,1R0R,partner2,4000,2050.0,4000.0,100,3.9,64,-84.22812530011247,0.10846403006006,249.6,256.0,source_data/budget/legs/d8bcef4cc7228e5d/bar_time_series.csv,source_data/budget/legs/d8bcef4cc7228e5d/bar1.log
680fb833b497cb99,1R0R,complex,1000,550.0,1000.0,100,0.9,64,-79.79601791911837,0.2887763453480541,57.6,64.0,source_data/budget/legs/680fb833b497cb99/bar_time_series.csv,source_data/budget/legs/680fb833b497cb99/bar1.log
680fb833b497cb99,1R0R,complex,2000,1050.0,2000.0,100,1.9,64,-80.58266613887713,0.1154253300487651,121.6,128.0,source_data/budget/legs/680fb833b497cb99/bar_time_series.csv,source_data/budget/legs/680fb833b497cb99/bar1.log
680fb833b497cb99,1R0R,complex,4000,2050.0,4000.0,100,3.9,64,-80.15579603731499,0.1304749122619404,249.6,256.0,source_data/budget/legs/680fb833b497cb99/bar_time_series.csv,source_data/budget/legs/680fb833b497cb99/bar1.log
c535671592cb87de,1R0R,partner2,1000,550.0,1000.0,100,0.9,64,-80.91667432204234,0.2541122827220403,57.6,64.0,source_data/budget/legs/c535671592cb87de/bar_time_series.csv,source_data/budget/legs/c535671592cb87de/bar1.log
c535671592cb87de,1R0R,partner2,2000,1050.0,2000.0,100,1.9,64,-81.52669813916876,0.1274084987711347,121.6,128.0,source_data/budget/legs/c535671592cb87de/bar_time_series.csv,source_data/budget/legs/c535671592cb87de/bar1.log
c535671592cb87de,1R0R,partner2,4000,2050.0,4000.0,100,3.9,64,-81.73427734088293,0.1718654684473606,249.6,256.0,source_data/budget/legs/c535671592cb87de/bar_time_series.csv,source_data/budget/legs/c535671592cb87de/bar1.log
2b5e13cb915f1ba8,1R0R,complex,1000,550.0,1000.0,100,0.9,32,18.64445182982884,0.1731433178012565,28.8,32.0,source_data/budget/legs/2b5e13cb915f1ba8/bar_time_series.csv,source_data/budget/legs/2b5e13cb915f1ba8/bar1.log
2b5e13cb915f1ba8,1R0R,complex,2000,1050.0,2000.0,100,1.9,32,18.917435506990653,0.2868961457796407,60.8,64.0,source_data/budget/legs/2b5e13cb915f1ba8/bar_time_series.csv,source_data/budget/legs/2b5e13cb915f1ba8/bar1.log
2b5e13cb915f1ba8,1R0R,complex,4000,2050.0,4000.0,100,3.9,32,18.09228378125194,0.1575003077105291,124.8,128.0,source_data/budget/legs/2b5e13cb915f1ba8/bar_time_series.csv,source_data/budget/legs/2b5e13cb915f1ba8/bar1.log
decec244b74b8d72,1R0R,partner2,1000,550.0,1000.0,100,0.9,32,17.998215732455893,0.297513938476915,28.8,32.0,source_data/budget/legs/decec244b74b8d72/bar_time_series.csv,source_data/budget/legs/decec244b74b8d72/bar1.log
decec244b74b8d72,1R0R,partner2,2000,1050.0,2000.0,100,1.9,32,18.37425768314529,0.1774708047307462,60.8,64.0,source_data/budget/legs/decec244b74b8d72/bar_time_series.csv,source_data/budget/legs/decec244b74b8d72/bar1.log
decec244b74b8d72,1R0R,partner2,4000,2050.0,4000.0,100,3.9,32,17.543728161573654,0.1201453785682224,124.8,128.0,source_data/budget/legs/decec244b74b8d72/bar_time_series.csv,source_data/budget/legs/decec244b74b8d72/bar1.log
f257721a3b843d7b,1R0R,complex,1000,550.0,1000.0,100,0.9,64,-81.66134751781375,0.1746565168841461,57.6,64.0,source_data/budget/legs/f257721a3b843d7b/bar_time_series.csv,source_data/budget/legs/f257721a3b843d7b/bar1.log
f257721a3b843d7b,1R0R,complex,2000,1050.0,2000.0,100,1.9,64,-82.17766156756196,0.2142814981691131,121.6,128.0,source_data/budget/legs/f257721a3b843d7b/bar_time_series.csv,source_data/budget/legs/f257721a3b843d7b/bar1.log
f257721a3b843d7b,1R0R,complex,4000,2050.0,4000.0,100,3.9,64,-81.18172661156152,0.1629881766643777,249.6,256.0,source_data/budget/legs/f257721a3b843d7b/bar_time_series.csv,source_data/budget/legs/f257721a3b843d7b/bar1.log
7f853578e5057f39,1R0R,partner2,1000,550.0,1000.0,100,0.9,64,-81.51958571975631,0.105463552483957,57.6,64.0,source_data/budget/legs/7f853578e5057f39/bar_time_series.csv,source_data/budget/legs/7f853578e5057f39/bar1.log
7f853578e5057f39,1R0R,partner2,2000,1050.0,2000.0,100,1.9,64,-80.68111121298865,0.2274267473081836,121.6,128.0,source_data/budget/legs/7f853578e5057f39/bar_time_series.csv,source_data/budget/legs/7f853578e5057f39/bar1.log
7f853578e5057f39,1R0R,partner2,4000,2050.0,4000.0,100,3.9,64,-80.451620485556,0.1664734503526923,249.6,256.0,source_data/budget/legs/7f853578e5057f39/bar_time_series.csv,source_data/budget/legs/7f853578e5057f39/bar1.log
18356b210d1ba0e3,1R0R,complex,1000,550.0,1000.0,100,0.9,32,-71.64957174551947,0.1763217146932073,28.8,32.0,source_data/budget/legs/18356b210d1ba0e3/bar_time_series.csv,source_data/budget/legs/18356b210d1ba0e3/bar1.log
18356b210d1ba0e3,1R0R,complex,2000,1050.0,2000.0,100,1.9,32,-71.90174497024293,0.1450120050444045,60.8,64.0,source_data/budget/legs/18356b210d1ba0e3/bar_time_series.csv,source_data/budget/legs/18356b210d1ba0e3/bar1.log
18356b210d1ba0e3,1R0R,complex,4000,2050.0,4000.0,100,3.9,32,-71.60925463613253,0.0987818314432379,124.8,128.0,source_data/budget/legs/18356b210d1ba0e3/bar_time_series.csv,source_data/budget/legs/18356b210d1ba0e3/bar1.log
0f093e5504d5a03b,1R0R,partner2,1000,550.0,1000.0,100,0.9,32,-71.38094910200377,0.148315560231904,28.8,32.0,source_data/budget/legs/0f093e5504d5a03b/bar_time_series.csv,source_data/budget/legs/0f093e5504d5a03b/bar1.log
0f093e5504d5a03b,1R0R,partner2,2000,1050.0,2000.0,100,1.9,32,-71.16254301253305,0.1605435389275737,60.8,64.0,source_data/budget/legs/0f093e5504d5a03b/bar_time_series.csv,source_data/budget/legs/0f093e5504d5a03b/bar1.log
0f093e5504d5a03b,1R0R,partner2,4000,2050.0,4000.0,100,3.9,32,-71.83166364533963,0.1588487436525415,124.8,128.0,source_data/budget/legs/0f093e5504d5a03b/bar_time_series.csv,source_data/budget/legs/0f093e5504d5a03b/bar1.log
