source,system,mutation,method,from_mutation,to_mutation,forward_edge_id,reverse_edge_id
charge,1AO7,RE99Q,Additive,WT,RE99Q,26dcc14e6d7a5ad2,4284627f0bbbf8ba
charge,1CHO,"LI15M,NI33D,SI48N",Additive,WT,LI15M,d76b3e9bc2fa883a,
charge,1CHO,"LI15M,NI33D,SI48N",Additive,WT,NI33D,8e02f88f0d80493e,7b505e405d9cfe00
charge,1CHO,"LI15M,NI33D,SI48N",Additive,WT,SI48N,94404d9988298a86,
charge,1CHO,NI33D,Additive,WT,NI33D,8e02f88f0d80493e,7b505e405d9cfe00
charge,1MLC,"NA92A,SB57V,TB58D",Additive,WT,NA92A,be3cd254cb23eef5,
charge,1MLC,"NA92A,SB57V,TB58D",Additive,WT,SB57V,3b876cfb8ec52262,
charge,1MLC,"NA92A,SB57V,TB58D",Additive,WT,TB58D,8357a8b45a3ef82c,c5291921ff1c2c36
charge,1MLC,SB57V,Additive,WT,SB57V,3b876cfb8ec52262,
charge,1MLC,"SB57V,TB58D",Additive,WT,SB57V,3b876cfb8ec52262,
charge,1MLC,"SB57V,TB58D",Additive,WT,TB58D,8357a8b45a3ef82c,c5291921ff1c2c36
charge,1MLC,TB58D,Additive,WT,TB58D,8357a8b45a3ef82c,c5291921ff1c2c36
charge,1PPF,"LI18M,NI36D,SI51N",Additive,WT,LI18M,87a698d931e69181,
charge,1PPF,"LI18M,NI36D,SI51N",Additive,WT,NI36D,7a6ab62e6ed468c9,9250ffecee8aa94b
charge,1PPF,"LI18M,NI36D,SI51N",Additive,WT,SI51N,6ed5ee30df7a41d2,
charge,1PPF,NI36D,Additive,WT,NI36D,7a6ab62e6ed468c9,9250ffecee8aa94b
charge,1R0R,"LI13M,NI31D,SI46N",Additive,WT,LI13M,7db0702feeca9c55,
charge,1R0R,"LI13M,NI31D,SI46N",Additive,WT,NI31D,2449b405f4f1b9fd,d58c263c60122df3
charge,1R0R,"LI13M,NI31D,SI46N",Additive,WT,SI46N,99389b68e677fddf,
charge,1R0R,NI31D,Additive,WT,NI31D,2449b405f4f1b9fd,d58c263c60122df3
charge,1AO7,RE99Q,Stepwise,WT,RE99Q,26dcc14e6d7a5ad2,4284627f0bbbf8ba
charge,1CHO,"LI15M,NI33D,SI48N",Stepwise,WT,NI33D,8e02f88f0d80493e,7b505e405d9cfe00
charge,1CHO,"LI15M,NI33D,SI48N",Stepwise,NI33D,"LI15M,NI33D",f3bbf8bc80ea8e59,
charge,1CHO,"LI15M,NI33D,SI48N",Stepwise,"LI15M,NI33D","LI15M,NI33D,SI48N",36a1dbda26950dcd,
charge,1CHO,NI33D,Stepwise,WT,NI33D,8e02f88f0d80493e,7b505e405d9cfe00
charge,1MLC,"NA92A,SB57V,TB58D",Stepwise,WT,SB57V,3b876cfb8ec52262,
charge,1MLC,"NA92A,SB57V,TB58D",Stepwise,SB57V,"SB57V,TB58D",fb5c35da8426e0e2,6044097f9a144005
charge,1MLC,"NA92A,SB57V,TB58D",Stepwise,"SB57V,TB58D","NA92A,SB57V,TB58D",ec89c4ddfb136754,
charge,1MLC,SB57V,Stepwise,WT,SB57V,3b876cfb8ec52262,
charge,1MLC,"SB57V,TB58D",Stepwise,WT,SB57V,3b876cfb8ec52262,
charge,1MLC,"SB57V,TB58D",Stepwise,SB57V,"SB57V,TB58D",fb5c35da8426e0e2,6044097f9a144005
charge,1MLC,TB58D,Stepwise,WT,TB58D,8357a8b45a3ef82c,c5291921ff1c2c36
charge,1PPF,"LI18M,NI36D,SI51N",Stepwise,WT,NI36D,7a6ab62e6ed468c9,9250ffecee8aa94b
charge,1PPF,"LI18M,NI36D,SI51N",Stepwise,NI36D,"LI18M,NI36D",6c4d61c8a20ae5fd,
charge,1PPF,"LI18M,NI36D,SI51N",Stepwise,"LI18M,NI36D","LI18M,NI36D,SI51N",ea6cbf2ad4094ac1,
charge,1PPF,NI36D,Stepwise,WT,NI36D,7a6ab62e6ed468c9,9250ffecee8aa94b
charge,1R0R,"LI13M,NI31D,SI46N",Stepwise,WT,NI31D,2449b405f4f1b9fd,d58c263c60122df3
charge,1R0R,"LI13M,NI31D,SI46N",Stepwise,NI31D,"LI13M,NI31D",4eb05ae4494e5aaf,
charge,1R0R,"LI13M,NI31D,SI46N",Stepwise,"LI13M,NI31D","LI13M,NI31D,SI46N",f834978898621e27,
charge,1R0R,NI31D,Stepwise,WT,NI31D,2449b405f4f1b9fd,d58c263c60122df3
