source,system,mutation,cutoff_ps,exp_ddG,Additive,Stepwise,ProtMutMap
charge,1AO7,RE99Q,1000,0.4106564221518027,-1.1051740386004099,-1.1051740386004099,-1.1051740386004116
charge,1CHO,"LI15M,NI33D,SI48N",1000,-0.4824115869632592,1.0841206251587963,1.8580513197936916,0.28654377520566643
charge,1CHO,NI33D,1000,-1.0400738733360146,0.3231816666997034,0.3231816666997034,-0.23204990030203815
charge,1MLC,"NA92A,SB57V,TB58D",1000,-2.39525988719862,-4.292144789385674,-2.0296634393999042,-2.850188182550888
charge,1MLC,SB57V,1000,-0.4944019499529286,-0.7606090817605331,-0.7606090817605331,-1.263453732581067
charge,1MLC,"SB57V,TB58D",1000,-0.9881708776304254,-4.675807211137894,-1.562977869001493,-2.317244845232295
charge,1MLC,TB58D,1000,-0.5599329877712211,-3.9151981293773606,-3.9151981293773606,-2.028231796346861
charge,1PPF,"LI18M,NI36D,SI51N",1000,-0.8585862649732494,-1.7225330897578495,-3.3122561690888155,-0.9268586997209911
charge,1PPF,NI36D,1000,-3.077951935269532,-3.6892567947631036,-3.6892567947631036,-1.9942981646490334
charge,1R0R,"LI13M,NI31D,SI46N",1000,-0.3073604120647637,0.35506284131612986,0.9922950418983838,1.5959273924914112
charge,1R0R,NI31D,1000,0.5696492191193663,-0.022550612541117232,-0.022550612541117232,0.15164978078564706
charge,1AO7,RE99Q,2000,0.4106564221518027,-1.238692064827827,-1.238692064827827,-1.2386920648278268
charge,1CHO,"LI15M,NI33D,SI48N",2000,-0.4824115869632592,2.6038578272835053,2.9915433938347995,1.637138767772979
charge,1CHO,NI33D,2000,-1.0400738733360146,1.0614178531871943,1.0614178531871943,0.7160617066706847
charge,1MLC,"NA92A,SB57V,TB58D",2000,-2.39525988719862,-3.8529895975245143,-1.3083973928234087,-2.385276414547334
charge,1MLC,SB57V,2000,-0.4944019499529286,-0.9433644343428593,-0.9433644343428593,-1.2806592179681655
charge,1MLC,"SB57V,TB58D",2000,-0.9881708776304254,-4.311169599834487,-1.8029522816636074,-2.3088944571015677
charge,1MLC,TB58D,2000,-0.5599329877712211,-3.367805165491628,-3.367805165491628,-1.917006395723432
charge,1PPF,"LI18M,NI36D,SI51N",2000,-0.8585862649732494,-2.4379433020807433,-1.7586768275064415,-0.6034461512355669
charge,1PPF,NI36D,2000,-3.077951935269532,-3.2691034631184834,-3.2691034631184834,-1.6640718986862388
charge,1R0R,"LI13M,NI31D,SI46N",2000,-0.3073604120647637,-1.0427021991205763,0.1800694484952423,0.916278399436961
charge,1R0R,NI31D,2000,0.5696492191193663,-0.8466780652560573,-0.8466780652560573,-0.6561823755952608
charge,1AO7,RE99Q,4000,0.4106564221518027,-0.6662116744856963,-0.6662116744856963,-0.666211674485697
charge,1CHO,"LI15M,NI33D,SI48N",4000,-0.4824115869632592,2.1865996464964645,1.7592771460381869,1.4157840670472424
charge,1CHO,NI33D,4000,-1.0400738733360146,0.7983773250547372,0.7983773250547372,0.7450976766285224
charge,1MLC,"NA92A,SB57V,TB58D",4000,-2.39525988719862,-3.4621214867776633,-1.7133590763409963,-2.5337357412070913
charge,1MLC,SB57V,4000,-0.4944019499529286,-0.7988306061112986,-0.7988306061112986,-1.3774692525206147
charge,1MLC,"SB57V,TB58D",4000,-0.9881708776304254,-4.236048673325316,-1.4817772807350913,-2.349735250349066
charge,1MLC,TB58D,4000,-0.5599329877712211,-3.437218067214017,-3.437218067214017,-2.1380520535833956
charge,1PPF,"LI18M,NI36D,SI51N",4000,-0.8585862649732494,-3.7150212221675822,-5.125699228873081,-2.763017884035689
charge,1PPF,NI36D,4000,-3.077951935269532,-3.108351148835709,-3.108351148835709,-2.4500555178101076
charge,1R0R,"LI13M,NI31D,SI46N",4000,-0.3073604120647637,0.46189944356285295,1.3628411368547262,1.5945893555483408
charge,1R0R,NI31D,4000,0.5696492191193663,-0.309065185322531,-0.309065185322531,-0.05261393328094257
