source,system,from_mutation,to_mutation,exp_edge_ddG,Additive,Raw_FEP,OLS,ProtMutMap
standard,1A22,WT,YA42A,0.1993436440622318,-0.9800000000000004,-0.9800000000000004,-0.752666666666669,-0.752666666666669
standard,1A22,WT,QA46A,0.1080167680025301,0.9699999999999988,0.9699999999999988,0.7426666666666646,0.7426666666666646
standard,1A22,YA42A,"YA42A,QA46A",0.0739814520054107,0.9699999999999988,1.5499999999999972,1.7780000000000005,1.7780000000000005
standard,1A22,QA46A,"YA42A,QA46A",0.1653083280651124,-0.9800000000000004,0.5100000000000016,0.28266666666666684,0.28266666666666684
standard,1AO7,WT,GE98A,-1.091030029899648,-1.92,-1.92,-1.0351785714285686,-1.0351785714285686
standard,1AO7,WT,SD94T,-0.4934868748353453,-2.3500000000000014,-2.3500000000000014,-2.3892857142857116,-2.3892857142857116
standard,1AO7,WT,GD28T,-0.7592304385478856,0.2699999999999996,0.2699999999999996,-0.5755357142857146,-0.5755357142857146
standard,1BJ1,WT,SH105T,-0.3905713806094226,-0.1900000000000012,-0.1900000000000012,-0.5633333333333347,-0.5633333333333347
charge,1AO7,WT,RE99Q,0.4106564221518027,0.3840672495043655,0.3840672495043655,-0.8326104480901804,-0.8326104480901804
charge,1AO7,GE98A,"GE98A,RE99Q",-0.472484720254581,0.3840672495043655,-1.396956707544451,-1.0120038342464375,-1.0120038342464375
charge,1AO7,RE99Q,"GE98A,RE99Q",-1.974171172306032,-1.92,-1.43379829173832,-1.7665958389472878,-1.7665958389472878
charge,1CHO,WT,NI33D,-1.0400738733360146,1.15426069706416,1.15426069706416,0.6712045140126308,0.745097676628522
charge,1CHO,WT,LI15M,0.3806231860132314,1.130704526869831,1.130704526869831,1.130704526869831,1.1307045268698308
charge,1R0R,WT,NI31D,0.5696492191193663,-0.7301061260055093,-0.7301061260055093,-0.0526139332809418,-0.0526139332809418
charge,1R0R,WT,LI13M,-0.5162599404479788,0.5485556196782859,0.5485556196782859,0.5485556196782859,0.5485556196782859
charge,1MLC,WT,SB57V,-0.4944019499529286,-0.7988306061112986,-0.7988306061112986,-1.7446862308573305,-1.3774692525206154
charge,1MLC,WT,TB58D,-0.5599329877712211,-5.657745444295927,-5.657745444295927,-2.9642902548410026,-2.1380520535833942
charge,1MLC,SB57V,"SB57V,TB58D",-0.4937689276774968,-5.657745444295927,-0.3532744296987857,-1.1558744869968083,-0.9722659978284505
charge,1MLC,TB58D,"SB57V,TB58D",-0.4282378898592043,-0.7988306061112986,-0.8379031479228658,0.06372953698686379,-0.2116831967656716
charge,1PPF,WT,NI36D,-3.077951935269532,-1.4645251140143074,-1.4645251140143074,-2.7781961814970813,-2.450055517810108
