variant_id,system,mutation_key,exp_ddG,mutation_num,node_type,source,Additive,Stepwise,OLS,ProtMutMap,Rosetta_flex_ddG,source_count
"1A22|FA25A,QA46A,YA42A",1A22,"FA25A,QA46A,YA42A",0.1905228560550611,3,target,standard,-0.9400000000000016,-0.0599999999999987,0.1659999999999971,0.1659999999999971,3.3121373801036875,1
1A22|QA46A,1A22,QA46A,0.1080167680025301,1,single,standard,0.9699999999999988,0.9699999999999988,0.7426666666666646,0.7426666666666646,2.6335164839052103,1
"1A22|QA46A,YA42A",1A22,"QA46A,YA42A",0.2733250960676425,2,subcomb_2mut,standard,-0.0100000000000015,0.5699999999999967,1.0253333333333314,1.0253333333333314,3.324219733372712,1
1A22|YA42A,1A22,YA42A,0.1993436440622318,1,single,standard,-0.9800000000000004,-0.9800000000000004,-0.752666666666669,-0.752666666666669,2.9223671536005216,1
"1AO7|AE96M,GD28T,GE97S,GE98A",1AO7,"AE96M,GD28T,GE97S,GE98A",-3.861774144608208,4,target,standard,-2.2700000000000005,-5.77,-4.280357142857143,-4.280357142857143,-1.2547803892156348,1
"1AO7|AE96M,GE97S,GE98A",1AO7,"AE96M,GE97S,GE98A",-3.549655056487599,3,target,standard,-2.54,-4.959999999999999,-3.9851785714285715,-3.9851785714285715,1.2989787045770222,1
"1AO7|AE96M,GE97S,GE98A,RE99Q",1AO7,"AE96M,GE97S,GE98A,RE99Q",-3.9603114786394,4,target,charge,-2.1559327504956345,-5.743403198871134,-4.870022807006319,-4.870022807006319,1.5662133700461722,1
"1AO7|GD28M,SD51M,SD94T",1AO7,"GD28M,SD51M,SD94T",-2.1264580534850017,3,target,standard,-3.700000000000001,-1.7600000000000016,-2.5542857142857156,-2.5542857142857156,-2.152824278574273,1
"1AO7|GD28M,SD94T",1AO7,"GD28M,SD94T",-1.7472666526969372,2,subcomb_2mut,standard,-2.8100000000000014,-1.8900000000000008,-2.3067857142857116,-2.3067857142857116,-1.6161746587620316,1
1AO7|GD28T,1AO7,GD28T,-0.7592304385478856,1,single,standard,0.2699999999999996,0.2699999999999996,-0.5755357142857146,-0.5755357142857146,-0.5053777115309328,1
"1AO7|GD28T,SD51M,SD94T",1AO7,"GD28T,SD51M,SD94T",-1.604389713731119,3,target,standard,-2.970000000000001,-3.709999999999999,-3.660892857142854,-3.660892857142854,-1.517445704949253,1
1AO7|GE98A,1AO7,GE98A,-1.091030029899648,1,single,standard;charge,-1.92,-1.92,-1.3111905121097998,-1.3111905121097998,1.8500633252795184,2
"1AO7|GE98A,RE99Q",1AO7,"GE98A,RE99Q",-1.563514750154229,2,subcomb_2mut,charge,-1.5359327504956344,-3.316956707544451,-2.599206287037468,-2.599206287037468,2.019967890340858,1
1AO7|RE99Q,1AO7,RE99Q,0.4106564221518027,1,single,charge,0.3840672495043655,0.3840672495043655,-0.8326104480901804,-0.8326104480901804,2.392501061768685,1
1AO7|SD94T,1AO7,SD94T,-0.4934868748353453,1,single,standard,-2.3500000000000014,-2.3500000000000014,-2.3892857142857116,-2.3892857142857116,1.932811965781254,1
"1BJ1|HH101Y,SH105T,YH103R",1BJ1,"HH101Y,SH105T,YH103R",-1.173648250036937,3,target,charge,-1.4134784045275095,-0.869118350226703,-2.1022440851970194,-2.1022440851970194,-0.4978564765197919,1
"1BJ1|HH101Y,SH105T,YH103W",1BJ1,"HH101Y,SH105T,YH103W",-1.0414464104003454,3,target,standard,-0.9699999999999988,-2.140000000000001,-2.7200000000000006,-2.7200000000000006,0.1815669986558257,1
1BJ1|SH105T,1BJ1,SH105T,-0.3905713806094226,1,single,standard;charge,-0.1900000000000012,-0.1900000000000012,-0.394394941958279,-0.394394941958279,-1.8111356846918727,2
"1CHO|LI15M,NI33D,SI48N",1CHO,"LI15M,NI33D,SI48N",-0.4824115869632592,3,target,charge,2.542483018505888,2.1151605180476096,1.26799774181546,1.415784067047242,0.5287601327980571,1
1CHO|NI33D,1CHO,NI33D,-1.0400738733360146,1,single,charge,1.15426069706416,1.15426069706416,0.6712045140126308,0.745097676628522,1.5827894229912274,1
"1MLC|NA92A,SB57V,TB58D",1MLC,"NA92A,SB57V,TB58D",-2.39525988719862,3,target,charge,-5.682648863859573,-1.3836868314159894,-3.1763654532963423,-2.533735741207094,0.6662778948297623,1
1MLC|SB57V,1MLC,SB57V,-0.4944019499529286,1,single,charge,-0.7988306061112986,-0.7988306061112986,-1.7446862308573305,-1.3774692525206154,-0.2175301078753355,1
"1MLC|SB57V,TB58D",1MLC,"SB57V,TB58D",-0.9881708776304254,2,subcomb_2mut,charge,-6.456576050407225,-1.1521050358100844,-2.900560717854139,-2.349735250349066,-0.4383731350553924,1
1MLC|TB58D,1MLC,TB58D,-0.5599329877712211,1,single,charge,-5.657745444295927,-5.657745444295927,-2.9642902548410026,-2.1380520535833942,0.0947036959757292,1
"1PPF|LI18M,NI36D,SI51N",1PPF,"LI18M,NI36D,SI51N",-0.8585862649732494,3,target,charge,-2.0711951873461807,-3.48187319405168,-3.0182384002366707,-2.7630178840356923,-0.1821893635451292,1
1PPF|NI36D,1PPF,NI36D,-3.077951935269532,1,single,charge,-1.4645251140143074,-1.4645251140143074,-2.7781961814970813,-2.450055517810108,-0.5569775709056894,1
"1R0R|LI13M,NI31D,SI46N",1R0R,"LI13M,NI31D,SI46N",-0.3073604120647637,3,target,charge,0.0408585028798746,0.941800196171748,1.5945893555483424,1.5945893555483424,0.6814544450253186,1
1R0R|NI31D,1R0R,NI31D,0.5696492191193663,1,single,charge,-0.7301061260055093,-0.7301061260055093,-0.0526139332809418,-0.0526139332809418,0.6697287021665488,1
