scope,method,n,rmse,rmse_lo,rmse_hi,rmse_bca_lo,rmse_bca_hi,mae,mae_lo,mae_hi,mae_bca_lo,mae_bca_hi,median_abs,median_abs_lo,median_abs_hi,median_abs_bca_lo,median_abs_bca_hi,p90_abs,p90_abs_lo,p90_abs_hi,p90_abs_bca_lo,p90_abs_bca_hi,pearson_r,pearson_r_lo,pearson_r_hi,pearson_r_bca_lo,pearson_r_bca_hi,fisher_z,fisher_z_lo,fisher_z_hi,fisher_z_bca_lo,fisher_z_bca_hi,spearman,spearman_lo,spearman_hi,spearman_bca_lo,spearman_bca_hi,spearman_z,spearman_z_lo,spearman_z_hi,spearman_z_bca_lo,spearman_z_bca_hi
internal_node30,Additive,30,1.9011960807290622,1.219777007646128,2.533446232248363,1.3576055180367614,2.7342645077440095,1.367480559384193,0.9325531021649216,1.8771107827004407,0.9848960837600608,1.9720100055784953,1.0966281016790633,0.8289699701003519,1.4695761163919407,0.6789369857161187,1.413017871814078,3.0511440425883283,1.632522011944079,5.134871728149916,1.6377354516461682,5.4684051727768,0.41025111690910393,0.20925636757929958,0.6449753466677541,0.15643010916142888,0.6012150789441545,0.4359131200981186,0.2123935339828169,0.7666467219108384,0.1550613212399948,0.6933351757012371,0.640329401290897,0.40196726015506284,0.7828247042339209,0.4080902581448461,0.7858418114537201,0.7587318730511708,0.42599310697915166,1.052624728157922,0.43237189746431365,1.0597976272472458
internal_node30,Stepwise,30,1.6067139697351287,1.1200770651293441,2.143211676200154,1.2281107564999398,2.4154975630987323,1.2196071477523691,0.8704462398007105,1.6236362829454722,0.9142280669718841,1.699965087671278,1.0638920140737704,0.597714011792676,1.5118858823838124,0.36645805348500016,1.4565910831900502,2.2346583238612445,1.7830917202317336,2.8707394818230614,1.7956051337477394,5.097812456524706,0.6729918297467427,0.36602484509172684,0.8622994862611361,0.3443470394453509,0.8559371439436791,0.8161918306557572,0.38382523128569485,1.302243074889968,0.3438670770878212,1.2647889986195957,0.6781660360560873,0.42747958129329733,0.8231376118806033,0.46071256516059556,0.8349926190212976,0.8257105291416459,0.4568086195136151,1.166471149804783,0.494046204657401,1.2008520858434304
internal_node30,OLS,30,1.216386649190858,0.9549231539019641,1.4477816464646385,0.9829321176846081,1.4710699279336394,0.993993551641806,0.7485943668276991,1.2473537848963079,0.7563955198544433,1.257275558175552,0.8454084472323207,0.5278457422400785,1.2467755755731926,0.4975212882648734,1.2467755755731926,1.9268011705425159,1.7112783873486455,2.1841226484440575,1.7297304325588179,2.4043572670697815,0.7667261529757842,0.616902960407929,0.8750735976672276,0.6180777640650692,0.8758509317606997,1.0123352046267582,0.7199897610775227,1.354339204751637,0.7187079348971064,1.3526269339032373,0.77414332134641,0.5702140628589084,0.8866077355116172,0.5929257066680943,0.8956325307729078,1.0305861583436573,0.6478399854662698,1.405841236199387,0.6779509057500694,1.4436398163145518
internal_node30,ProtMutMap,30,1.1252322754964863,0.8891912880158196,1.3327368760556426,0.9065802485056007,1.3471459515396804,0.9242498608466401,0.6964909201844798,1.1557222586503115,0.7014179249360459,1.159542205337275,0.8175377699166878,0.5278457422400785,1.1394792035626111,0.49617242289138264,1.1394792035626111,1.8985710653707617,1.4152275008478272,1.9196387714973724,1.5881625181909214,2.056503143411735,0.778603029159007,0.6216217988972291,0.8838211366260396,0.6247484512476296,0.8854226221072785,1.0418130908678673,0.7276439052218033,1.3929632929155635,0.7285006385591009,1.394244916877451,0.7881620132822604,0.5972885050489845,0.89005770538856,0.620558340783421,0.8978318798722144,1.066560897083758,0.6889211871855286,1.4222035032218194,0.7207120025759334,1.4509277712761677
internal_unique28_mean_sensitivity,Additive,28,1.9613131172702591,1.2506553256869808,2.605693467054375,1.3939922110524752,2.796532093534024,1.4283884082434288,0.9686071100950723,1.9589494569977821,1.0225202181737671,2.060347908663462,1.1549332500586473,0.8454766010489103,1.5826580455616035,0.8289699701003519,1.5735419465149993,3.103642916826689,1.6707123933217871,5.208990271400334,1.6863527124280544,5.4684051727768,0.40237179694407493,0.19268818454287237,0.6410339774650134,0.131499725591559,0.6021611041976909,0.4264756981332084,0.19512751766289446,0.7599270291227208,0.13051677044845023,0.6950504578263882,0.6239737274220033,0.3713125831608642,0.7741164298169224,0.37954357099807834,0.7773466041078901,0.7314861640342363,0.38994473538878766,1.0305190521388152,0.39851621054676706,1.037404868774401
internal_unique28_mean_sensitivity,Stepwise,28,1.6552780660469617,1.152588591188979,2.2051926146867014,1.2608859938965242,2.495926838085874,1.269952610066475,0.9070459077502908,1.6905798979823552,0.9490951877890108,1.7698775261990973,1.138948616830944,0.597714011792676,1.6834343893227233,0.5667499349552929,1.6134268212552247,2.3153058307833834,1.8051181417116104,3.365644587312315,1.856513125164656,5.097812456524706,0.6691897594711633,0.36040876941940675,0.8628304768818853,0.33550006632707785,0.8536769561963758,0.809274347088723,0.37735561463654954,1.304317409145602,0.3342971645847657,1.2543179830809952,0.6732348111658456,0.40768823852706787,0.8243875584916047,0.4318681318681319,0.8330690807808798,0.8166361042491161,0.43283548554065415,1.1703600476008318,0.4576261044398711,1.194246426894255
internal_unique28_mean_sensitivity,OLS,28,1.2554163169668697,0.9889975290671572,1.489455217776575,1.0150236399153805,1.515896395636342,1.0412103545964506,0.7819846389960547,1.3030948854546904,0.7922436903050852,1.3162348709745595,0.9191535817635008,0.5908911069945413,1.4644189352520285,0.5908911069945413,1.4609102299208192,1.95562383118012,1.7112783873486455,2.2330636748053294,1.7230176697776676,2.287377798696848,0.7647018590098142,0.6131276350642209,0.8737351769189391,0.6135871708964337,0.8742639339797419,1.0074418207915639,0.7139176858616114,1.3486538381320752,0.7117291382183837,1.3454228721431274,0.7723043240284619,0.5545037796061053,0.8862638696255201,0.5828863071068803,0.8953652070101917,1.0260129369881585,0.6248614526861196,1.4042361217370802,0.6623630263507354,1.442865689169831
internal_unique28_mean_sensitivity,ProtMutMap,28,1.1607648250501479,0.9198255554339287,1.3704264663002355,0.9401956752744165,1.3882386229470722,0.9664849716016299,0.7276918959962838,1.2043729823448281,0.7356801698952394,1.213916074013477,0.8963893154673029,0.5908911069945413,1.3024156214803118,0.5595190615887744,1.2432668702419831,1.8993218880912826,1.578119065812173,1.9500530763672306,1.6402348110578824,2.056503143411735,0.7767242961455253,0.6231573145565611,0.8823618103456387,0.6209592030983379,0.8816358200420402,1.0370596584225187,0.7301503354255036,1.3863344124088213,0.7234149155111019,1.3792240281870864,0.7837985769020251,0.5825728567917248,0.8874561660288305,0.6112751888471768,0.8971281376110575,1.0551449569682199,0.6663485853833677,1.4098212387083116,0.7031578704902246,1.449845122809183
internal_edge20,Additive,20,1.9223368021096339,0.9731729374616193,2.7432757952908666,1.1025776324262755,2.9926767132413112,1.3397237482285436,0.8089141990281545,2.015091812079964,0.8863283734010643,2.1946972158126545,0.9626244932712367,0.7895256554784758,1.239549494593554,0.7500813408565996,1.2225318365949942,2.484682359012632,1.2470605921724756,5.163976516618431,1.3311224927379108,5.163976516618431,0.2433890701784425,0.03417422461835565,0.5595705577484466,-0.013651524466505187,0.49917160875972294,0.24837344673063919,0.03418753790100455,0.6322077790132784,-0.014370645222465249,0.5471600219537066,0.3481546199181179,-0.11992400508643938,0.6783965134549935,-0.1624088937803272,0.6585523049336967,0.36334230070427126,-0.12050392439977457,0.826137390922178,-0.17251717266710853,0.7862407065378962
internal_edge20,Raw_FEP,20,1.5473210030173483,0.860621229784614,2.2618493720018757,0.9802184780024943,2.762783527430504,1.1071785278702548,0.6994764657605155,1.6317124150916682,0.7703877119873523,1.8415193039487743,0.8932276096436693,0.4750190693156867,1.239549494593554,0.4096652580636615,1.1822854526255702,1.8902952696882085,1.2090111344554682,5.097812456524706,1.2470605921724756,5.097812456524706,0.31275048466006994,0.0762768773545361,0.644664133911522,-0.0691711423886332,0.5601516011383991,0.3235911999419153,0.07642532635285391,0.7661140122963317,-0.08159266107580422,0.6308572273075951,0.40601503759398494,-0.06516144678492239,0.7238292102928939,-0.1037427673461752,0.7082388510959939,0.43083038219378256,-0.06525390818254256,0.9156419547830177,-0.1094732565529566,0.8784343848424342
internal_edge20,OLS,20,1.069900778544029,0.748246389380477,1.3649974708975074,0.8021473715263535,1.4393893187949975,0.8481707058566561,0.5790523481970338,1.1475806223029867,0.601162413716958,1.1812175531775428,0.648377728991723,0.3958615903092595,1.154041215184124,0.2997557537724509,1.0648155601262648,1.7297304325588179,1.0833624322040787,2.4043572670697815,1.2432668702419831,2.4043572670697815,0.5508643282896606,0.19312028825950275,0.779797588268204,0.233618039079313,0.8022182403213778,0.6196213396920055,0.1955763222607232,1.044853873077295,0.23015776972697563,1.091694638245819,0.5052631578947369,0.07808946171341925,0.7904367769209228,0.04945073978674044,0.7797016922835932,0.5563485142749244,0.07824877391853693,1.0725947054016114,0.04324715197795378,1.0390316612114738
internal_edge20,ProtMutMap,20,0.9741170442497719,0.6993474452404245,1.216336502534482,0.733433786361516,1.2509361237078165,0.7856485770460386,0.5412468089100397,1.0471798680406907,0.557140815735761,1.064149314045085,0.6312731580617793,0.3475258816222432,1.0084129354275828,0.2165546930935327,0.9520103107289009,1.7121338481915847,0.9811359666802095,1.8957988394503662,1.0648155601262648,1.8957988394503662,0.5562323466143098,0.1798660770461703,0.7783153746280463,0.18864216765958167,0.7822421792636178,0.627360947165865,0.18184428472328493,1.0410830061554832,0.1826909219175005,1.0417355330508347,0.5082706766917293,0.05238981350198,0.8124054462934948,0.02761201614926457,0.8012139605462822,0.5603953085323411,0.05243782390961188,1.134063606535179,0.014538501950900038,1.0915802190102326
external_unique28_mean,ProtMutMap,28,1.1607648250501479,0.9201582768325777,1.3728145990083027,0.9395129547273702,1.3871543524523273,0.9664849716016299,0.7315318923630019,1.2074648828309424,0.7389019629371916,1.2170907633761132,0.8963893154673029,0.5908911069945413,1.3024156214803118,0.5595190615887744,1.2432668702419831,1.8993218880912826,1.578119065812173,1.9500530763672306,1.6402348110578824,2.056503143411735,0.7767242961455253,0.6200125186811973,0.8818144021401837,0.6233189280023864,0.884127281981461,1.0370596584225187,0.7250254239438826,1.3838677229584286,0.7278266387434321,1.3890807809139132,0.7837985769020251,0.5803685918733186,0.8866886688668867,0.6149792781152783,0.8981017803273209,1.0551449569682199,0.6630183293114481,1.4062196856852023,0.7097922682372073,1.4504872704040799
external_unique28_mean,Rosetta_flex_ddG,28,2.3523765323012515,1.7690085684606693,2.9047227097831905,1.8627880967235364,3.01781749424937,1.8434526193489174,1.3216436591938954,2.4027743200380347,1.3351724795509492,2.4230545185551873,1.7012044718496662,0.6760943374726326,2.6149285258599075,0.675791773517145,2.6069937553925735,3.260174958982565,2.7613799859893895,5.052001087350907,2.7884444632305527,5.526524848685572,0.3819574141743827,0.036810282151637744,0.6758331391713761,-0.016132556687229117,0.6465496257097938,0.4023494125156461,0.03682692162065297,0.8214036666911217,-0.021060313456161966,0.7657683109563104,0.4849480021893815,0.09340605892162313,0.7539951666273477,0.0793312083986893,0.746631799974284,0.5294335865367761,0.09367913622375756,0.9821501209189021,0.07691927694931132,0.961433347134665
external_unique28_standard_preferred,ProtMutMap,28,1.1605260542751037,0.9235632761695363,1.3682929551083691,0.9391043995629705,1.3801954465515125,0.9666503061600579,0.7315659562832629,1.2054542475891572,0.7343719300702936,1.2074209371615263,0.8963893154673029,0.5908911069945413,1.3024156214803118,0.5595190615887744,1.2432668702419831,1.8993218880912826,1.578119065812173,1.9500530763672306,1.6402348110578824,2.056503143411735,0.7755660228008338,0.6170777017536019,0.8799856803570903,0.6221744463021831,0.8825397300895824,1.0341464807154712,0.7202719113969417,1.3757041875726466,0.7256498592358163,1.3828222546498268,0.7837985769020251,0.5792372383290234,0.8878196315644762,0.6118838401073279,0.8977467046680568,1.0551449569682199,0.661314042790717,1.4115348998067376,0.7045949122560402,1.4502568947836179
external_unique28_standard_preferred,Rosetta_flex_ddG,28,2.3523765323012515,1.7787096720180606,2.8889589987769133,1.8758024883806061,3.0093408951075755,1.8434526193489174,1.3272400742756802,2.38723733895498,1.353937895169872,2.4208920622451693,1.7012044718496662,0.6760943374726326,2.6149285258599075,0.675791773517145,2.6069937553925735,3.260174958982565,2.7512726986205904,5.052001087350907,2.7884444632305527,5.526524848685572,0.3819574141743827,0.0396325573933189,0.6783645527789791,-0.0014600665734225149,0.6532132947976828,0.4023494125156461,0.03965332782980906,0.8260781825867076,-0.006903274051683835,0.7778551202378621,0.4849480021893815,0.10363743674162484,0.7579113201767088,0.09449965077250165,0.7540169229906613,0.5294335865367761,0.1040108932681887,0.9912887651251082,0.09006402692091284,0.9801957431534114
external_unique28_charge_preferred,ProtMutMap,28,1.164220526128468,0.931809959124449,1.3722642265299902,0.9512205150196485,1.3886342894477461,0.9821029433644363,0.7559352751265791,1.2145064004864465,0.7637330302796173,1.224328854583846,0.8963893154673029,0.5908911069945413,1.3024156214803118,0.5908911069945413,1.2432668702419831,1.8993218880912826,1.578119065812173,1.9500530763672306,1.6402348110578824,2.056503143411735,0.776903675458156,0.6236795205679662,0.8817983985318599,0.6250947277884487,0.8823455931260678,1.0375119968000517,0.7310045215770016,1.3837957753579306,0.7293078837265147,1.3822589880082736,0.7876299945265463,0.588879557820632,0.8888911788953007,0.6216629636351635,0.9007483637793735,1.0651579669535685,0.6759490745378788,1.416617587470512,0.7203695345441214,1.4660910123660331
external_unique28_charge_preferred,Rosetta_flex_ddG,28,2.3523765323012515,1.7787867015603778,2.897078039459313,1.8698740239106266,3.021100809290823,1.8434526193489174,1.3176605082212525,2.3995930907676133,1.346340566323682,2.438013323803355,1.7012044718496662,0.6760943374726326,2.6149285258599075,0.675791773517145,2.6069937553925735,3.260174958982565,2.7544656420375846,5.052001087350907,2.7884444632305527,5.526524848685572,0.3819574141743827,0.03805269513824278,0.6781259813110971,-0.01219561166500543,0.6492318911937629,0.4023494125156461,0.038071078090703855,0.8256363710867647,-0.017068438347365805,0.7715974670517138,0.4849480021893815,0.0985620754406803,0.7565265182742512,0.0850602537949488,0.7487603305785124,0.5294335865367761,0.09888310874138721,0.988042768420515,0.08242445329455947,0.9679193824638671
external_unique26_no_duplicates,ProtMutMap,26,1.203808286495487,0.9649745163616534,1.417029010420605,0.9826002089651884,1.4324713683886199,1.0322151985110242,0.7955199885169144,1.2764531045705605,0.8008186723269924,1.283159910631826,0.9191535817635008,0.6278964174594241,1.410692968027078,0.6250797849298662,1.3615643727186404,1.9000727108118036,1.6283363277059142,1.980467381237089,1.6286816060845033,2.056503143411735,0.7735276174957263,0.6166781350908078,0.8805436024873471,0.61719678027039,0.8810659095307238,1.0290514202321395,0.7196268872525796,1.378182367018126,0.7183103051825187,1.3750796217245933,0.7832478632478632,0.5682896463841537,0.8901534894569181,0.6045566059402614,0.9026161497412201,1.0537185745846314,0.6449930109287862,1.422664669554303,0.6946541687293107,1.4737235197850298
external_unique26_no_duplicates,Rosetta_flex_ddG,26,2.355638707493593,1.7318557330957287,2.93958311046554,1.8394319333471512,3.0746292505914083,1.817500603173387,1.2642299278196893,2.411875711683121,1.2942793574307838,2.452696060454415,1.6024290243365267,0.6655167925875353,2.6069937553925735,0.6652142286320477,2.5719188303455427,3.352548582271857,2.672943402932766,5.187579304875097,2.7230235095382898,5.526524848685572,0.4421947716846857,0.10314781152101514,0.7296672428285969,0.04891835485408297,0.697988869989818,0.47495576549520846,0.10351597736715783,0.9280153454442588,0.04305998162900672,0.8581826018343487,0.5678632478632478,0.19641584595718298,0.8158091420031376,0.17414356671050873,0.8054993320175476,0.6443634443555234,0.19900182902512856,1.1441569826547318,0.17195841021895797,1.1108122889350935
