source,system,mutation,mutation_num,node_type,exp_ddG,Additive,Stepwise,mutation_key,variant_id,OLS,ProtMutMap,Rosetta_flex_ddG
standard,1A22,"FA25A,YA42A,QA46A",3,target,0.1905228560550611,-0.9400000000000016,-0.0599999999999987,"FA25A,QA46A,YA42A","1A22|FA25A,QA46A,YA42A",0.1659999999999971,0.1659999999999971,3.3121373801036875
standard,1AO7,"AE96M,GE97S,GE98A",3,target,-3.549655056487599,-2.54,-4.959999999999999,"AE96M,GE97S,GE98A","1AO7|AE96M,GE97S,GE98A",-3.9851785714285715,-3.9851785714285715,1.2989787045770222
standard,1AO7,"GD28M,SD51M,SD94T",3,target,-2.1264580534850017,-3.700000000000001,-1.7600000000000016,"GD28M,SD51M,SD94T","1AO7|GD28M,SD51M,SD94T",-2.5542857142857156,-2.5542857142857156,-2.152824278574273
standard,1AO7,"GD28T,AE96M,GE97S,GE98A",4,target,-3.861774144608208,-2.2700000000000005,-5.77,"AE96M,GD28T,GE97S,GE98A","1AO7|AE96M,GD28T,GE97S,GE98A",-4.280357142857143,-4.280357142857143,-1.2547803892156348
standard,1AO7,"GD28T,SD51M,SD94T",3,target,-1.604389713731119,-2.970000000000001,-3.709999999999999,"GD28T,SD51M,SD94T","1AO7|GD28T,SD51M,SD94T",-3.660892857142854,-3.660892857142854,-1.517445704949253
standard,1BJ1,"HH101Y,YH103W,SH105T",3,target,-1.0414464104003454,-0.9699999999999988,-2.140000000000001,"HH101Y,SH105T,YH103W","1BJ1|HH101Y,SH105T,YH103W",-2.7200000000000006,-2.7200000000000006,0.1815669986558257
standard,1A22,QA46A,1,single,0.1080167680025301,0.9699999999999988,0.9699999999999988,QA46A,1A22|QA46A,0.7426666666666646,0.7426666666666646,2.6335164839052103
standard,1A22,YA42A,1,single,0.1993436440622318,-0.9800000000000004,-0.9800000000000004,YA42A,1A22|YA42A,-0.752666666666669,-0.752666666666669,2.9223671536005216
standard,1A22,"YA42A,QA46A",2,subcomb_2mut,0.2733250960676425,-0.0100000000000015,0.5699999999999967,"QA46A,YA42A","1A22|QA46A,YA42A",1.0253333333333314,1.0253333333333314,3.324219733372712
standard,1AO7,GD28T,1,single,-0.7592304385478856,0.2699999999999996,0.2699999999999996,GD28T,1AO7|GD28T,-0.5755357142857146,-0.5755357142857146,-0.5053777115309328
standard,1AO7,GE98A,1,single,-1.091030029899648,-1.92,-1.92,GE98A,1AO7|GE98A,-1.0351785714285686,-1.0351785714285686,1.8500633252795184
standard,1AO7,SD94T,1,single,-0.4934868748353453,-2.3500000000000014,-2.3500000000000014,SD94T,1AO7|SD94T,-2.3892857142857116,-2.3892857142857116,1.932811965781254
standard,1AO7,"GD28M,SD94T",2,subcomb_2mut,-1.7472666526969372,-2.8100000000000014,-1.8900000000000008,"GD28M,SD94T","1AO7|GD28M,SD94T",-2.3067857142857116,-2.3067857142857116,-1.6161746587620316
standard,1BJ1,SH105T,1,single,-0.3905713806094226,-0.1900000000000012,-0.1900000000000012,SH105T,1BJ1|SH105T,-0.5633333333333347,-0.5633333333333347,-1.8111356846918727
charge,1AO7,"AE96M,GE97S,GE98A,RE99Q",4,target,-3.9603114786394,-2.1559327504956345,-5.743403198871134,"AE96M,GE97S,GE98A,RE99Q","1AO7|AE96M,GE97S,GE98A,RE99Q",-4.870022807006319,-4.870022807006319,1.5662133700461722
charge,1BJ1,"HH101Y,YH103R,SH105T",3,target,-1.173648250036937,-1.4134784045275095,-0.869118350226703,"HH101Y,SH105T,YH103R","1BJ1|HH101Y,SH105T,YH103R",-2.1022440851970194,-2.1022440851970194,-0.4978564765197919
charge,1CHO,"LI15M,NI33D,SI48N",3,target,-0.4824115869632592,2.542483018505888,2.1151605180476096,"LI15M,NI33D,SI48N","1CHO|LI15M,NI33D,SI48N",1.26799774181546,1.415784067047242,0.5287601327980571
charge,1R0R,"LI13M,NI31D,SI46N",3,target,-0.3073604120647637,0.0408585028798746,0.941800196171748,"LI13M,NI31D,SI46N","1R0R|LI13M,NI31D,SI46N",1.5945893555483424,1.5945893555483424,0.6814544450253186
charge,1MLC,"NA92A,SB57V,TB58D",3,target,-2.39525988719862,-5.682648863859573,-1.3836868314159894,"NA92A,SB57V,TB58D","1MLC|NA92A,SB57V,TB58D",-3.1763654532963423,-2.533735741207094,0.6662778948297623
charge,1PPF,"LI18M,NI36D,SI51N",3,target,-0.8585862649732494,-2.0711951873461807,-3.48187319405168,"LI18M,NI36D,SI51N","1PPF|LI18M,NI36D,SI51N",-3.0182384002366707,-2.7630178840356923,-0.1821893635451292
charge,1AO7,GE98A,1,single,-1.091030029899648,-1.92,-1.92,GE98A,1AO7|GE98A,-1.5872024527910307,-1.5872024527910307,1.8500633252795184
charge,1AO7,RE99Q,1,single,0.4106564221518027,0.3840672495043655,0.3840672495043655,RE99Q,1AO7|RE99Q,-0.8326104480901804,-0.8326104480901804,2.392501061768685
charge,1AO7,"GE98A,RE99Q",2,subcomb_2mut,-1.563514750154229,-1.5359327504956344,-3.316956707544451,"GE98A,RE99Q","1AO7|GE98A,RE99Q",-2.599206287037468,-2.599206287037468,2.019967890340858
charge,1BJ1,SH105T,1,single,-0.3905713806094226,-0.1900000000000012,-0.1900000000000012,SH105T,1BJ1|SH105T,-0.22545655058322336,-0.22545655058322336,-1.8111356846918727
charge,1CHO,NI33D,1,single,-1.0400738733360146,1.15426069706416,1.15426069706416,NI33D,1CHO|NI33D,0.6712045140126308,0.745097676628522,1.5827894229912274
charge,1R0R,NI31D,1,single,0.5696492191193663,-0.7301061260055093,-0.7301061260055093,NI31D,1R0R|NI31D,-0.0526139332809418,-0.0526139332809418,0.6697287021665488
charge,1MLC,SB57V,1,single,-0.4944019499529286,-0.7988306061112986,-0.7988306061112986,SB57V,1MLC|SB57V,-1.7446862308573305,-1.3774692525206154,-0.2175301078753355
charge,1MLC,TB58D,1,single,-0.5599329877712211,-5.657745444295927,-5.657745444295927,TB58D,1MLC|TB58D,-2.9642902548410026,-2.1380520535833942,0.0947036959757292
charge,1MLC,"SB57V,TB58D",2,subcomb_2mut,-0.9881708776304254,-6.456576050407225,-1.1521050358100844,"SB57V,TB58D","1MLC|SB57V,TB58D",-2.900560717854139,-2.349735250349066,-0.4383731350553924
charge,1PPF,NI36D,1,single,-3.077951935269532,-1.4645251140143074,-1.4645251140143074,NI36D,1PPF|NI36D,-2.7781961814970813,-2.450055517810108,-0.5569775709056894
