case,system,mutation,backrub_steps,nstruct_used,ddg_gam,ddg_raw,exp_ddG
1A22_FA25A+YA42A+QA46A,1A22,"FA25A,YA42A,QA46A",35000,35,3.3121373801036875,4.58705,0.1905228560550611
1A22_QA46A,1A22,QA46A,35000,35,2.6335164839052103,2.2551,0.1080167680025301
1A22_YA42A,1A22,YA42A,35000,35,2.9223671536005216,2.67768,0.1993436440622318
1A22_YA42A+QA46A,1A22,"YA42A,QA46A",35000,35,3.324219733372712,3.93954,0.2733250960676425
1AO7_AE96M+GE97S+GE98A,1AO7,"AE96M,GE97S,GE98A",35000,35,1.2989787045770222,2.84443,-3.549655056487599
1AO7_AE96M+GE97S+GE98A+RE99Q,1AO7,"AE96M,GE97S,GE98A,RE99Q",35000,35,1.5662133700461722,3.30352,-3.9603114786394
1AO7_GD28M+SD51M+SD94T,1AO7,"GD28M,SD51M,SD94T",35000,35,-2.152824278574273,-2.16315,-2.1264580534850017
1AO7_GD28M+SD94T,1AO7,"GD28M,SD94T",35000,35,-1.6161746587620316,-1.26763,-1.7472666526969372
1AO7_GD28T,1AO7,GD28T,35000,35,-0.5053777115309328,-0.07953,-0.7592304385478856
1AO7_GD28T+AE96M+GE97S+GE98A,1AO7,"GD28T,AE96M,GE97S,GE98A",35000,35,-1.2547803892156348,-1.52016,-3.861774144608208
1AO7_GD28T+SD51M+SD94T,1AO7,"GD28T,SD51M,SD94T",35000,35,-1.517445704949253,-1.47642,-1.604389713731119
1AO7_GE98A,1AO7,GE98A,35000,35,1.8500633252795184,3.45769,-1.091030029899648
1AO7_GE98A+RE99Q,1AO7,"GE98A,RE99Q",35000,35,2.019967890340858,3.80117,-1.563514750154229
1AO7_RE99Q,1AO7,RE99Q,35000,35,2.392501061768685,4.04413,0.4106564221518027
1AO7_SD94T,1AO7,SD94T,35000,35,1.932811965781254,3.53237,-0.4934868748353453
1BJ1_HH101Y+YH103R+SH105T,1BJ1,"HH101Y,YH103R,SH105T",35000,35,-0.4978564765197919,-0.69675,-1.173648250036937
1BJ1_HH101Y+YH103W+SH105T,1BJ1,"HH101Y,YH103W,SH105T",35000,35,0.1815669986558257,0.09942,-1.0414464104003454
1BJ1_SH105T,1BJ1,SH105T,35000,35,-1.8111356846918727,-2.0182,-0.3905713806094226
1CHO_LI15M+NI33D+SI48N,1CHO,"LI15M,NI33D,SI48N",35000,35,0.5287601327980571,1.00933,-0.4824115869632592
1CHO_NI33D,1CHO,NI33D,35000,35,1.5827894229912274,1.44629,-1.0400738733360146
1MLC_NA92A+SB57V+TB58D,1MLC,"NA92A,SB57V,TB58D",35000,35,0.6662778948297623,0.00516,-2.39525988719862
1MLC_SB57V,1MLC,SB57V,35000,35,-0.2175301078753355,-0.25591,-0.4944019499529286
1MLC_SB57V+TB58D,1MLC,"SB57V,TB58D",35000,35,-0.4383731350553924,-0.48899,-0.9881708776304254
1MLC_TB58D,1MLC,TB58D,35000,35,0.0947036959757292,0.23802,-0.5599329877712211
1PPF_LI18M+NI36D+SI51N,1PPF,"LI18M,NI36D,SI51N",35000,35,-0.1821893635451292,0.32279,-0.8585862649732494
1PPF_NI36D,1PPF,NI36D,35000,35,-0.5569775709056894,-0.5248,-3.077951935269532
1R0R_LI13M+NI31D+SI46N,1R0R,"LI13M,NI31D,SI46N",35000,35,0.6814544450253186,0.83183,-0.3073604120647637
1R0R_NI31D,1R0R,NI31D,35000,35,0.6697287021665488,0.82563,0.5696492191193663
