system,network,from_mutation,to_mutation,num_diff_muts,graph_nrep_attribute,complex_nrep_from_log,complex_split_start_ps,complex_split_end_ps,complex_bar_error,complex_bar,partner1_nrep_from_log,partner1_split_start_ps,partner1_split_end_ps,partner1_bar_error,partner1_bar,complete_bar_pair,calc_ddG,partner2_nrep_from_log,partner2_split_start_ps,partner2_split_end_ps,partner2_bar_error,partner2_bar,canonical_from,canonical_to,matched_ddG,matched_ddG_err,complex_matched_dG,partner1_matched_dG,partner2_matched_dG
1A22,network,WT,YA42A,1,48,32.0,2100.0,4100.0,0.21,17.29,32.0,2100.0,4100.0,0.11,18.27,True,-0.9800000000000004,,,,,,WT,YA42A,-0.9844034106863759,0.2416349868705418,17.29036021890996,18.274763629596336,
1A22,network,WT,QA46A,1,16,32.0,2100.0,4100.0,0.13,68.44,32.0,2100.0,4100.0,0.15,67.47,True,0.9699999999999988,,,,,,WT,QA46A,0.9688192449048358,0.19736331223331302,68.44365221815225,67.47483297324742,
1A22,network,YA42A,"FA25A,YA42A",1,48,32.0,2100.0,4100.0,0.16,-3.83,32.0,2100.0,4100.0,0.18,-4.58,True,0.75,,,,,,YA42A,"FA25A,YA42A",0.7491057929138512,0.23558668958748288,-3.8325010734657114,-4.581606866379563,
1A22,network,YA42A,"YA42A,QA46A",1,16,32.0,2100.0,4100.0,0.14,68.27,32.0,2100.0,4100.0,0.1,66.72,True,1.5499999999999972,,,,,,YA42A,"QA46A,YA42A",1.5481821387619874,0.1721439754517666,68.2667272534895,66.71854511472752,
1A22,network,QA46A,"YA42A,QA46A",1,48,32.0,2100.0,4100.0,0.17,18.59,32.0,2100.0,4100.0,0.08,18.08,True,0.5100000000000016,,,,,,QA46A,"QA46A,YA42A",0.5152897901104048,0.18610715822028548,18.59337641364179,18.078086623531384,
1A22,network,"FA25A,YA42A","FA25A,YA42A,QA46A",1,16,32.0,2100.0,4100.0,0.11,67.4,32.0,2100.0,4100.0,0.11,67.23,True,0.1700000000000017,,,,,,"FA25A,YA42A","FA25A,QA46A,YA42A",0.16592456794711552,0.1565184218323812,67.39711776168646,67.23119319373934,
1A22,network,"YA42A,QA46A","FA25A,YA42A,QA46A",1,48,32.0,2100.0,4100.0,0.14,-5.19,32.0,2100.0,4100.0,0.13,-4.33,True,-0.8600000000000003,,,,,,"QA46A,YA42A","FA25A,QA46A,YA42A",-0.8554149579868771,0.19433145300485302,-5.1863462346885125,-4.3309312767016355,
1A22,network_maxmut2,WT,YA42A,1,48,32.0,2100.0,4100.0,0.21,17.29,32.0,2100.0,4100.0,0.11,18.27,True,-0.9800000000000004,,,,,,WT,YA42A,-0.9844034106863759,0.2416349868705418,17.29036021890996,18.274763629596336,
1A22,network_maxmut2,WT,"FA25A,YA42A",2,72,96.0,2100.0,4100.0,0.13,14.12,96.0,2100.0,4100.0,0.14,13.97,True,0.1499999999999985,,,,,,WT,"FA25A,YA42A",0.14830890744161707,0.1906042067530575,14.120199708913471,13.971890801471854,
1A22,network_maxmut2,YA42A,"FA25A,YA42A,QA46A",2,48,72.0,2100.0,4100.0,0.16,63.98,72.0,2100.0,4100.0,0.11,62.84,True,1.1399999999999937,,,,,,YA42A,"FA25A,QA46A,YA42A",1.1495080673813263,0.19457749653440762,63.98488489047894,62.83537682309761,
1A22,network_maxmut2,"FA25A,YA42A","FA25A,YA42A,QA46A",1,16,32.0,2100.0,4100.0,0.11,67.4,32.0,2100.0,4100.0,0.11,67.23,True,0.1700000000000017,,,,,,"FA25A,YA42A","FA25A,QA46A,YA42A",0.16592456794711552,0.1565184218323812,67.39711776168646,67.23119319373934,
1AO7,network,WT,GE98A,1,16,32.0,2100.0,4100.0,0.09,7.42,,,,,,True,-1.92,32.0,2100.0,4100.0,0.13,9.34,WT,GE98A,-1.9208139139797051,0.15733622187396715,7.418925037334503,,9.339738951314208
1AO7,network,WT,SD94T,1,16,32.0,2100.0,4100.0,0.24,-21.19,,,,,,True,-2.3500000000000014,32.0,2100.0,4100.0,0.09,-18.84,WT,SD94T,-2.3482576552686822,0.2577800688155808,-21.19137672444443,,-18.84311906917575
1AO7,network,WT,GD28T,1,16,32.0,2100.0,4100.0,0.09,-20.79,,,,,,True,0.2699999999999996,32.0,2100.0,4100.0,0.17,-21.06,WT,GD28T,0.2707558143364466,0.19406175197836825,-20.791252523084477,,-21.062008337420924
1AO7,network,GE98A,"AE96M,GE98A",1,16,32.0,2100.0,4100.0,0.11,-2.92,,,,,,True,0.52,32.0,2100.0,4100.0,0.13,-3.44,GE98A,"AE96M,GE98A",0.513223465558343,0.17348966095200538,-2.923779031065461,,-3.437002496623804
1AO7,network,GE98A,"GE97S,GE98A",1,16,32.0,2100.0,4100.0,0.14,-3.25,,,,,,True,-2.65,32.0,2100.0,4100.0,0.12,-0.6,GE98A,"GE97S,GE98A",-2.6561818941946838,0.1810311090355422,-3.2548117997548793,,-0.5986299055601958
1AO7,network,GE98A,"GD28T,GE98A",1,16,32.0,2100.0,4100.0,0.12,-20.46,,,,,,True,-0.3599999999999994,32.0,2100.0,4100.0,0.17,-20.1,GE98A,"GD28T,GE98A",-0.3632820062250275,0.20816145701247513,-20.46344706816209,,-20.100165061937062
1AO7,network,"AE96M,GE98A","AE96M,GE97S,GE98A",1,16,32.0,2100.0,4100.0,0.22,-4.43,,,,,,True,-3.56,32.0,2100.0,4100.0,0.24,-0.87,"AE96M,GE98A","AE96M,GE97S,GE98A",-3.5530737608594913,0.3225856086517955,-4.426114425328801,,-0.8730406644693094
1AO7,network,"GE97S,GE98A","AE96M,GE97S,GE98A",1,16,32.0,2100.0,4100.0,0.13,-3.56,,,,,,True,-0.2099999999999999,32.0,2100.0,4100.0,0.1,-3.35,"GE97S,GE98A","AE96M,GE97S,GE98A",-0.20139354518375097,0.16213455559766926,-3.5551029279979125,,-3.3537093828141615
1AO7,network,SD94T,"GD28M,SD94T",1,16,32.0,2100.0,4100.0,0.21,6.13,,,,,,True,0.4599999999999999,32.0,2100.0,4100.0,0.14,5.67,SD94T,"GD28M,SD94T",0.4616242674283235,0.2511849905779179,6.127041185816159,,5.665416918387836
1AO7,network,SD94T,"SD51M,SD94T",1,16,32.0,2100.0,4100.0,0.24,5.26,,,,,,True,-0.1299999999999999,32.0,2100.0,4100.0,0.09,5.39,SD94T,"SD51M,SD94T",-0.13440868236419412,0.25419440549656314,5.2569978923938745,,5.391406574758069
1AO7,network,SD94T,"GD28T,SD94T",1,16,32.0,2100.0,4100.0,0.27,-20.58,,,,,,True,-0.4799999999999969,32.0,2100.0,4100.0,0.14,-20.1,SD94T,"GD28T,SD94T",-0.4814993198810349,0.3095529590130854,-20.578681358415313,,-20.097182038534278
1AO7,network,"GD28M,SD94T","GD28M,SD51M,SD94T",1,16,32.0,2100.0,4100.0,0.13,5.72,,,,,,True,0.1299999999999999,32.0,2100.0,4100.0,0.11,5.59,"GD28M,SD94T","GD28M,SD51M,SD94T",0.13258384520509647,0.17105665073767853,5.719622895293165,,5.587039050088069
1AO7,network,"SD51M,SD94T","GD28M,SD51M,SD94T",1,16,32.0,2100.0,4100.0,0.13,5.07,,,,,,True,-0.79,32.0,2100.0,4100.0,0.17,5.86,"SD51M,SD94T","GD28M,SD51M,SD94T",-0.791149750801484,0.2146477716840192,5.070083334525267,,5.861233085326751
1AO7,network,GD28T,"GD28T,GE98A",1,16,32.0,2100.0,4100.0,0.09,9.88,,,,,,True,0.9500000000000012,32.0,2100.0,4100.0,0.53,8.93,GD28T,"GD28T,GE98A",0.9559442170348174,0.5327405614301994,9.881055079690762,,8.925110862655945
1AO7,network,GD28T,"GD28T,SD51M",1,16,32.0,2100.0,4100.0,0.17,5.09,,,,,,True,-0.7199999999999998,32.0,2100.0,4100.0,0.1,5.81,GD28T,"GD28T,SD51M",-0.7229214052772841,0.19233103994207817,5.085587854109004,,5.808509259386288
1AO7,network,GD28T,"GD28T,SD94T",1,16,32.0,2100.0,4100.0,0.1,-21.38,,,,,,True,-2.5,32.0,2100.0,4100.0,0.1,-18.88,GD28T,"GD28T,SD94T",-2.5009373389617657,0.14550306237848687,-21.380938887627,,-18.880001548665234
1AO7,network,"GD28T,GE98A","GD28T,AE96M,GE98A",1,16,32.0,2100.0,4100.0,0.08,-2.78,,,,,,True,0.1500000000000003,32.0,2100.0,4100.0,0.1,-2.93,"GD28T,GE98A","AE96M,GD28T,GE98A",0.14753377181249805,0.1299174594009859,-2.7840568245932475,,-2.9315905964057456
1AO7,network,"GD28T,GE98A","GD28T,GE97S,GE98A",1,16,32.0,2100.0,4100.0,0.16,-3.8,,,,,,True,-3.59,32.0,2100.0,4100.0,0.35,-0.21,"GD28T,GE98A","GD28T,GE97S,GE98A",-3.5899434950975637,0.38880846026229987,-3.798847359561516,,-0.20890386446395243
1AO7,network,"GD28T,AE96M,GE98A","GD28T,AE96M,GE97S,GE98A",1,16,32.0,2100.0,4100.0,0.16,-3.81,,,,,,True,-3.64,32.0,2100.0,4100.0,0.3,-0.17,"AE96M,GD28T,GE98A","AE96M,GD28T,GE97S,GE98A",-3.6432429990566764,0.3458663865815332,-3.812084164543137,,-0.16884116548646055
1AO7,network,"GD28T,GE97S,GE98A","GD28T,AE96M,GE97S,GE98A",1,16,32.0,2100.0,4100.0,0.08,-3.79,,,,,,True,-0.4599999999999999,32.0,2100.0,4100.0,0.12,-3.33,"GD28T,GE97S,GE98A","AE96M,GD28T,GE97S,GE98A",-0.4529864728774924,0.14513930680559628,-3.7853750803509065,,-3.332388607473414
1AO7,network,"GD28T,SD51M","GD28T,SD51M,SD94T",1,16,32.0,2100.0,4100.0,0.09,-21.62,,,,,,True,-2.1099999999999994,32.0,2100.0,4100.0,0.1,-19.51,"GD28T,SD51M","GD28T,SD51M,SD94T",-2.1023161189566615,0.12954204516239629,-21.616147526527445,,-19.513831407570784
1AO7,network,"GD28T,SD94T","GD28T,SD51M,SD94T",1,16,32.0,2100.0,4100.0,0.17,4.85,,,,,,True,-0.8800000000000008,32.0,2100.0,4100.0,0.09,5.73,"GD28T,SD94T","GD28T,SD51M,SD94T",-0.8801219720148339,0.19255512917440054,4.851869158627274,,5.731991130642108
1AO7,network_maxmut2,WT,GE97S,1,16,32.0,2100.0,4100.0,0.09,-0.54,,,,,,True,0.1799999999999999,32.0,2100.0,4100.0,0.22,-0.72,WT,GE97S,0.17962112016216514,0.23972200148152437,-0.5437130450060679,,-0.723334165168233
1AO7,network_maxmut2,WT,GE98A,1,16,32.0,2100.0,4100.0,0.09,7.42,,,,,,True,-1.92,32.0,2100.0,4100.0,0.13,9.34,WT,GE98A,-1.9208139139797051,0.15733622187396715,7.418925037334503,,9.339738951314208
1AO7,network_maxmut2,WT,SD51M,1,16,32.0,2100.0,4100.0,0.14,4.7,,,,,,True,-0.8899999999999997,32.0,2100.0,4100.0,0.14,5.59,WT,SD51M,-0.8937698423560434,0.19593216429415233,4.695009444839914,,5.588779287195957
1AO7,network_maxmut2,WT,SD94T,1,16,32.0,2100.0,4100.0,0.24,-21.19,,,,,,True,-2.3500000000000014,32.0,2100.0,4100.0,0.09,-18.84,WT,SD94T,-2.3482576552686822,0.2577800688155808,-21.19137672444443,,-18.84311906917575
1AO7,network_maxmut2,WT,GD28T,1,16,32.0,2100.0,4100.0,0.09,-20.79,,,,,,True,0.2699999999999996,32.0,2100.0,4100.0,0.17,-21.06,WT,GD28T,0.2707558143364466,0.19406175197836825,-20.791252523084477,,-21.062008337420924
1AO7,network_maxmut2,WT,"GD28T,GE97S",2,24,48.0,4100.0,8100.0,0.2,-24.11,,,,,,True,-6.050000000000001,48.0,2100.0,4100.0,0.37,-18.06,WT,"GD28T,GE97S",-6.319001276814134,0.3862147726561816,-24.38333714813108,,-18.064335871316946
1AO7,network_maxmut2,WT,"GD28T,GE98A",2,24,48.0,4100.0,8100.0,0.13,-12.87,,,,,,True,1.08,48.0,2100.0,4100.0,0.44,-13.95,WT,"GD28T,GE98A",1.8037798034515564,0.4766115672613271,-12.147216803320458,,-13.950996606772014
1AO7,network_maxmut2,GE97S,"AE96M,GE97S,GE98A",2,24,48.0,2100.0,4100.0,0.11,4.27,,,,,,True,-2.1800000000000006,48.0,2100.0,4100.0,0.3,6.45,GE97S,"AE96M,GE97S,GE98A",-2.1747129696989287,0.31882060624584707,4.271335497529982,,6.446048467228911
1AO7,network_maxmut2,GE98A,"AE96M,GE97S,GE98A",2,24,48.0,2100.0,4100.0,0.22,-6.34,,,,,,True,-3.64,48.0,2100.0,4100.0,0.16,-2.7,GE98A,"AE96M,GE97S,GE98A",-3.6452738180788313,0.27258942130897595,-6.344387572305989,,-2.6991137542271573
1AO7,network_maxmut2,SD51M,"GD28M,SD51M,SD94T",2,24,48.0,2100.0,4100.0,0.3,-13.0,,,,,,True,0.1400000000000005,48.0,2100.0,4100.0,0.1,-13.14,SD51M,"GD28M,SD51M,SD94T",0.14181696366988206,0.3136297884243574,-13.000563087973774,,-13.142380051643656
1AO7,network_maxmut2,SD94T,"GD28M,SD51M,SD94T",2,24,48.0,2100.0,4100.0,0.19,13.2,,,,,,True,0.8999999999999986,48.0,2100.0,4100.0,0.09,12.3,SD94T,"GD28M,SD51M,SD94T",0.8956182174539578,0.20858468355484644,13.199113208075687,,12.30349499062173
1AO7,network_maxmut2,SD94T,"GD28T,SD51M,SD94T",2,24,48.0,2100.0,4100.0,0.18,-15.81,,,,,,True,-1.4800000000000004,48.0,2100.0,4100.0,0.21,-14.33,SD94T,"GD28T,SD51M,SD94T",-1.4785729440834707,0.2767704343460826,-15.811606605757792,,-14.333033661674321
1AO7,network_maxmut2,GD28T,"GD28T,SD51M,SD94T",2,24,48.0,2100.0,4100.0,0.24,-16.91,,,,,,True,-3.77,48.0,2100.0,4100.0,0.13,-13.14,GD28T,"GD28T,SD51M,SD94T",-3.7781716066453104,0.27371130567291496,-16.914952477992315,,-13.136780871347005
1AO7,network_maxmut2,"GD28T,GE97S","GD28T,AE96M,GE97S,GE98A",2,24,48.0,2100.0,4100.0,0.11,3.71,,,,,,True,-1.1399999999999997,48.0,2100.0,4100.0,0.19,4.85,"GD28T,GE97S","AE96M,GD28T,GE97S,GE98A",-1.1420266490009956,0.218111620960818,3.7050754346836863,,4.847102083684682
1AO7,network_maxmut2,"GD28T,GE98A","GD28T,AE96M,GE97S,GE98A",2,24,48.0,2100.0,4100.0,0.2,-7.01,,,,,,True,-3.1,48.0,2100.0,4100.0,0.21,-3.91,"GD28T,GE98A","AE96M,GD28T,GE97S,GE98A",-3.105409532712838,0.29159694345579357,-7.011523157002398,,-3.90611362428956
1BJ1,network,WT,YH103W,1,48,64.0,2100.0,4100.0,0.09,28.17,64.0,2100.0,4100.0,0.13,28.97,True,-0.7999999999999972,,,,,,WT,YH103W,-0.8043579274561523,0.1571773609831863,28.16809158917861,28.97244951663476,
1BJ1,network,WT,SH105T,1,16,32.0,2100.0,4100.0,0.1,-19.71,32.0,2100.0,4100.0,0.15,-19.52,True,-0.1900000000000012,,,,,,WT,SH105T,-0.18582611376842095,0.18088344244942334,-19.71001469292201,-19.524188579153588,
1BJ1,network,YH103W,"HH101Y,YH103W",1,48,64.0,2100.0,4100.0,0.17,-21.73,64.0,2100.0,4100.0,0.1,-19.99,True,-1.740000000000002,,,,,,YH103W,"HH101Y,YH103W",-1.7424084595865565,0.1961957148358316,-21.731841716819964,-19.989433257233408,
1BJ1,network,YH103W,"YH103W,SH105T",1,16,32.0,2100.0,4100.0,0.15,-19.19,32.0,2100.0,4100.0,0.18,-18.12,True,-1.0700000000000005,,,,,,YH103W,"SH105T,YH103W",-1.0645968974491211,0.23826352816056945,-19.186273053395013,-18.12167615594589,
1BJ1,network,SH105T,"YH103W,SH105T",1,48,64.0,2100.0,4100.0,0.07,28.23,64.0,2100.0,4100.0,0.08,27.94,True,0.2899999999999991,,,,,,SH105T,"SH105T,YH103W",0.29031884616041026,0.10889531905398135,28.230215007940252,27.939896161779842,
1BJ1,network,"HH101Y,YH103W","HH101Y,YH103W,SH105T",1,16,32.0,2100.0,4100.0,0.2,-18.98,32.0,2100.0,4100.0,0.2,-19.38,True,0.3999999999999986,,,,,,"HH101Y,YH103W","HH101Y,SH105T,YH103W",0.398541252491043,0.2842093246851219,-18.981328270470932,-19.379869522961975,
1BJ1,network,"YH103W,SH105T","HH101Y,YH103W,SH105T",1,48,64.0,2100.0,4100.0,0.13,-21.97,64.0,2100.0,4100.0,0.18,-19.42,True,-2.549999999999997,,,,,,"SH105T,YH103W","HH101Y,SH105T,YH103W",-2.542898823635408,0.21926211978205848,-21.96555671891289,-19.42265789527748,
1BJ1,network_maxmut2,WT,YH103W,1,48,64.0,2100.0,4100.0,0.09,28.17,64.0,2100.0,4100.0,0.13,28.97,True,-0.7999999999999972,,,,,,WT,YH103W,-0.8043579274561523,0.1571773609831863,28.16809158917861,28.97244951663476,
1BJ1,network_maxmut2,WT,"HH101Y,YH103W",2,72,96.0,4100.0,8100.0,0.28,8.88,96.0,2100.0,4100.0,0.2,9.14,True,-0.2599999999999998,,,,,,WT,"HH101Y,YH103W",0.16717965527482548,0.2559563886527314,9.310822368830372,9.143642713555547,
1BJ1,network_maxmut2,YH103W,"HH101Y,YH103W,SH105T",2,48,72.0,2100.0,4100.0,0.23,-41.22,72.0,4100.0,8100.0,0.12,-38.89,True,-2.3299999999999983,,,,,,YH103W,"HH101Y,SH105T,YH103W",-2.4002894165662383,0.2506105016663678,-41.220034994270165,-38.81974557770393,
1BJ1,network_maxmut2,"HH101Y,YH103W","HH101Y,YH103W,SH105T",1,16,32.0,2100.0,4100.0,0.2,-18.98,32.0,2100.0,4100.0,0.2,-19.38,True,0.3999999999999986,,,,,,"HH101Y,YH103W","HH101Y,SH105T,YH103W",0.398541252491043,0.2842093246851219,-18.981328270470932,-19.379869522961975,
