system,network,from_mutation,to_mutation,num_diff_muts,graph_nrep_attribute,complex_nrep_from_log,complex_split_start_ps,complex_split_end_ps,complex_bar_error,complex_bar,partner1_nrep_from_log,partner1_split_start_ps,partner1_split_end_ps,partner1_bar_error,partner1_bar,complete_bar_pair,calc_ddG,partner2_nrep_from_log,partner2_split_start_ps,partner2_split_end_ps,partner2_bar_error,partner2_bar
1A22,network,WT,YA42A,1,48,32.0,2100.0,4100.0,0.21,17.29,32.0,2100.0,4100.0,0.11,18.27,True,-0.9800000000000004,,,,,
1A22,network,WT,QA46A,1,16,32.0,2100.0,4100.0,0.13,68.44,32.0,2100.0,4100.0,0.15,67.47,True,0.9699999999999989,,,,,
1A22,network,YA42A,"FA25A,YA42A",1,48,32.0,2100.0,4100.0,0.16,-3.83,32.0,2100.0,4100.0,0.18,-4.58,True,0.75,,,,,
1A22,network,YA42A,"YA42A,QA46A",1,16,32.0,2100.0,4100.0,0.14,68.27,32.0,2100.0,4100.0,0.1,66.72,True,1.5499999999999972,,,,,
1A22,network,QA46A,"YA42A,QA46A",1,48,32.0,2100.0,4100.0,0.17,18.59,32.0,2100.0,4100.0,0.08,18.08,True,0.5100000000000016,,,,,
1A22,network,"FA25A,YA42A","FA25A,YA42A,QA46A",1,16,32.0,2100.0,4100.0,0.11,67.4,32.0,2100.0,4100.0,0.11,67.23,True,0.1700000000000017,,,,,
1A22,network,"YA42A,QA46A","FA25A,YA42A,QA46A",1,48,32.0,2100.0,4100.0,0.14,-5.19,32.0,2100.0,4100.0,0.13,-4.33,True,-0.8600000000000003,,,,,
1A22,network_maxmut2,WT,YA42A,1,48,32.0,2100.0,4100.0,0.21,17.29,32.0,2100.0,4100.0,0.11,18.27,True,-0.9800000000000004,,,,,
1A22,network_maxmut2,WT,"FA25A,YA42A",2,72,96.0,2100.0,4100.0,0.13,14.12,96.0,2100.0,4100.0,0.14,13.97,True,0.14999999999999858,,,,,
1A22,network_maxmut2,YA42A,"FA25A,YA42A,QA46A",2,48,72.0,2100.0,4100.0,0.16,63.98,72.0,2100.0,4100.0,0.11,62.84,True,1.1399999999999935,,,,,
1A22,network_maxmut2,"FA25A,YA42A","FA25A,YA42A,QA46A",1,16,32.0,2100.0,4100.0,0.11,67.4,32.0,2100.0,4100.0,0.11,67.23,True,0.1700000000000017,,,,,
1AO7,network,WT,GE98A,1,16,32.0,2100.0,4100.0,0.09,7.42,,,,,,True,-1.92,32.0,2100.0,4100.0,0.13,9.34
1AO7,network,WT,SD94T,1,16,32.0,2100.0,4100.0,0.24,-21.19,,,,,,True,-2.3500000000000014,32.0,2100.0,4100.0,0.09,-18.84
1AO7,network,WT,GD28T,1,16,32.0,2100.0,4100.0,0.09,-20.79,,,,,,True,0.2699999999999996,32.0,2100.0,4100.0,0.17,-21.06
1AO7,network,GE98A,"AE96M,GE98A",1,16,32.0,2100.0,4100.0,0.11,-2.92,,,,,,True,0.52,32.0,2100.0,4100.0,0.13,-3.44
1AO7,network,GE98A,"GE97S,GE98A",1,16,32.0,2100.0,4100.0,0.14,-3.25,,,,,,True,-2.65,32.0,2100.0,4100.0,0.12,-0.6
1AO7,network,GE98A,"GD28T,GE98A",1,16,32.0,2100.0,4100.0,0.12,-20.46,,,,,,True,-0.35999999999999943,32.0,2100.0,4100.0,0.17,-20.1
1AO7,network,"AE96M,GE98A","AE96M,GE97S,GE98A",1,16,32.0,2100.0,4100.0,0.22,-4.43,,,,,,True,-3.5599999999999996,32.0,2100.0,4100.0,0.24,-0.87
1AO7,network,"GE97S,GE98A","AE96M,GE97S,GE98A",1,16,32.0,2100.0,4100.0,0.13,-3.56,,,,,,True,-0.20999999999999996,32.0,2100.0,4100.0,0.1,-3.35
1AO7,network,SD94T,"GD28M,SD94T",1,16,32.0,2100.0,4100.0,0.21,6.13,,,,,,True,0.45999999999999996,32.0,2100.0,4100.0,0.14,5.67
1AO7,network,SD94T,"SD51M,SD94T",1,16,32.0,2100.0,4100.0,0.24,5.26,,,,,,True,-0.1299999999999999,32.0,2100.0,4100.0,0.09,5.39
1AO7,network,SD94T,"GD28T,SD94T",1,16,32.0,2100.0,4100.0,0.27,-20.58,,,,,,True,-0.4799999999999969,32.0,2100.0,4100.0,0.14,-20.1
1AO7,network,"GD28M,SD94T","GD28M,SD51M,SD94T",1,16,32.0,2100.0,4100.0,0.13,5.72,,,,,,True,0.1299999999999999,32.0,2100.0,4100.0,0.11,5.59
1AO7,network,"SD51M,SD94T","GD28M,SD51M,SD94T",1,16,32.0,2100.0,4100.0,0.13,5.07,,,,,,True,-0.79,32.0,2100.0,4100.0,0.17,5.86
1AO7,network,GD28T,"GD28T,GE98A",1,16,32.0,2100.0,4100.0,0.09,9.88,,,,,,True,0.9500000000000011,32.0,2100.0,4100.0,0.53,8.93
1AO7,network,GD28T,"GD28T,SD51M",1,16,32.0,2100.0,4100.0,0.17,5.09,,,,,,True,-0.7199999999999998,32.0,2100.0,4100.0,0.1,5.81
1AO7,network,GD28T,"GD28T,SD94T",1,16,32.0,2100.0,4100.0,0.1,-21.38,,,,,,True,-2.5,32.0,2100.0,4100.0,0.1,-18.88
1AO7,network,"GD28T,GE98A","GD28T,AE96M,GE98A",1,16,32.0,2100.0,4100.0,0.08,-2.78,,,,,,True,0.15000000000000036,32.0,2100.0,4100.0,0.1,-2.93
1AO7,network,"GD28T,GE98A","GD28T,GE97S,GE98A",1,16,32.0,2100.0,4100.0,0.16,-3.8,,,,,,True,-3.59,32.0,2100.0,4100.0,0.35,-0.21
1AO7,network,"GD28T,AE96M,GE98A","GD28T,AE96M,GE97S,GE98A",1,16,32.0,2100.0,4100.0,0.16,-3.81,,,,,,True,-3.64,32.0,2100.0,4100.0,0.3,-0.17
1AO7,network,"GD28T,GE97S,GE98A","GD28T,AE96M,GE97S,GE98A",1,16,32.0,2100.0,4100.0,0.08,-3.79,,,,,,True,-0.45999999999999996,32.0,2100.0,4100.0,0.12,-3.33
1AO7,network,"GD28T,SD51M","GD28T,SD51M,SD94T",1,16,32.0,2100.0,4100.0,0.09,-21.62,,,,,,True,-2.1099999999999994,32.0,2100.0,4100.0,0.1,-19.51
1AO7,network,"GD28T,SD94T","GD28T,SD51M,SD94T",1,16,32.0,2100.0,4100.0,0.17,4.85,,,,,,True,-0.8800000000000008,32.0,2100.0,4100.0,0.09,5.73
1AO7,network_maxmut2,WT,GE97S,1,16,32.0,2100.0,4100.0,0.09,-0.54,,,,,,True,0.17999999999999994,32.0,2100.0,4100.0,0.22,-0.72
1AO7,network_maxmut2,WT,GE98A,1,16,32.0,2100.0,4100.0,0.09,7.42,,,,,,True,-1.92,32.0,2100.0,4100.0,0.13,9.34
1AO7,network_maxmut2,WT,SD51M,1,16,32.0,2100.0,4100.0,0.14,4.7,,,,,,True,-0.8899999999999997,32.0,2100.0,4100.0,0.14,5.59
1AO7,network_maxmut2,WT,SD94T,1,16,32.0,2100.0,4100.0,0.24,-21.19,,,,,,True,-2.3500000000000014,32.0,2100.0,4100.0,0.09,-18.84
1AO7,network_maxmut2,WT,GD28T,1,16,32.0,2100.0,4100.0,0.09,-20.79,,,,,,True,0.2699999999999996,32.0,2100.0,4100.0,0.17,-21.06
1AO7,network_maxmut2,WT,"GD28T,GE97S",2,24,48.0,4100.0,8100.0,0.2,-24.11,,,,,,True,-6.050000000000001,48.0,2100.0,4100.0,0.37,-18.06
1AO7,network_maxmut2,WT,"GD28T,GE98A",2,24,48.0,4100.0,8100.0,0.13,-12.87,,,,,,True,1.08,48.0,2100.0,4100.0,0.44,-13.95
1AO7,network_maxmut2,GE97S,"AE96M,GE97S,GE98A",2,24,48.0,2100.0,4100.0,0.11,4.27,,,,,,True,-2.1800000000000006,48.0,2100.0,4100.0,0.3,6.45
1AO7,network_maxmut2,GE98A,"AE96M,GE97S,GE98A",2,24,48.0,2100.0,4100.0,0.22,-6.34,,,,,,True,-3.6399999999999997,48.0,2100.0,4100.0,0.16,-2.7
1AO7,network_maxmut2,SD51M,"GD28M,SD51M,SD94T",2,24,48.0,2100.0,4100.0,0.3,-13.0,,,,,,True,0.14000000000000057,48.0,2100.0,4100.0,0.1,-13.14
1AO7,network_maxmut2,SD94T,"GD28M,SD51M,SD94T",2,24,48.0,2100.0,4100.0,0.19,13.2,,,,,,True,0.8999999999999986,48.0,2100.0,4100.0,0.09,12.3
1AO7,network_maxmut2,SD94T,"GD28T,SD51M,SD94T",2,24,48.0,2100.0,4100.0,0.18,-15.81,,,,,,True,-1.4800000000000004,48.0,2100.0,4100.0,0.21,-14.33
1AO7,network_maxmut2,GD28T,"GD28T,SD51M,SD94T",2,24,48.0,2100.0,4100.0,0.24,-16.91,,,,,,True,-3.7699999999999996,48.0,2100.0,4100.0,0.13,-13.14
1AO7,network_maxmut2,"GD28T,GE97S","GD28T,AE96M,GE97S,GE98A",2,24,48.0,2100.0,4100.0,0.11,3.71,,,,,,True,-1.1399999999999997,48.0,2100.0,4100.0,0.19,4.85
1AO7,network_maxmut2,"GD28T,GE98A","GD28T,AE96M,GE97S,GE98A",2,24,48.0,2100.0,4100.0,0.2,-7.01,,,,,,True,-3.0999999999999996,48.0,2100.0,4100.0,0.21,-3.91
1BJ1,network,WT,YH103W,1,48,64.0,2100.0,4100.0,0.09,28.17,64.0,2100.0,4100.0,0.13,28.97,True,-0.7999999999999972,,,,,
1BJ1,network,WT,SH105T,1,16,32.0,2100.0,4100.0,0.1,-19.71,32.0,2100.0,4100.0,0.15,-19.52,True,-0.19000000000000128,,,,,
1BJ1,network,YH103W,"HH101Y,YH103W",1,48,64.0,2100.0,4100.0,0.17,-21.73,64.0,2100.0,4100.0,0.1,-19.99,True,-1.740000000000002,,,,,
1BJ1,network,YH103W,"YH103W,SH105T",1,16,32.0,2100.0,4100.0,0.15,-19.19,32.0,2100.0,4100.0,0.18,-18.12,True,-1.0700000000000003,,,,,
1BJ1,network,SH105T,"YH103W,SH105T",1,48,64.0,2100.0,4100.0,0.07,28.23,64.0,2100.0,4100.0,0.08,27.94,True,0.28999999999999915,,,,,
1BJ1,network,"HH101Y,YH103W","HH101Y,YH103W,SH105T",1,16,32.0,2100.0,4100.0,0.2,-18.98,32.0,2100.0,4100.0,0.2,-19.38,True,0.3999999999999986,,,,,
1BJ1,network,"YH103W,SH105T","HH101Y,YH103W,SH105T",1,48,64.0,2100.0,4100.0,0.13,-21.97,64.0,2100.0,4100.0,0.18,-19.42,True,-2.549999999999997,,,,,
1BJ1,network_maxmut2,WT,YH103W,1,48,64.0,2100.0,4100.0,0.09,28.17,64.0,2100.0,4100.0,0.13,28.97,True,-0.7999999999999972,,,,,
1BJ1,network_maxmut2,WT,"HH101Y,YH103W",2,72,96.0,4100.0,8100.0,0.28,8.88,96.0,2100.0,4100.0,0.2,9.14,True,-0.2599999999999998,,,,,
1BJ1,network_maxmut2,YH103W,"HH101Y,YH103W,SH105T",2,48,72.0,2100.0,4100.0,0.23,-41.22,72.0,4100.0,8100.0,0.12,-38.89,True,-2.3299999999999983,,,,,
1BJ1,network_maxmut2,"HH101Y,YH103W","HH101Y,YH103W,SH105T",1,16,32.0,2100.0,4100.0,0.2,-18.98,32.0,2100.0,4100.0,0.2,-19.38,True,0.3999999999999986,,,,,
